Coord_pairs,Count,Sched_end_time,Sched_day
"(33.47, -117.17) (33.54, -117.15)",5,6:34:25,Wed
"(33.54, -117.15) (33.47, -117.17)",5,8:33:13,Fri
"(33.54, -117.15) (33.54, -117.1)",1,8:26:49,Mon
"(33.54, -117.15) (33.65, -117.35)",33,8:41:47,Wed
"(33.6, -117.87) (33.62, -117.91)",7,7:45:04,Wed
"(33.65, -117.35) (33.54, -117.15)",36,6:45:00,Thu
"(33.7, -117.15) (33.98, -117.35)",1,7:55:56,Sat
"(33.71, -117.84) (33.76, -117.88)",3,7:37:55,Fri
"(33.71, -117.99) (33.75, -118.02)",34,8:00:00,Mon
"(33.72, -117.88) (33.63, -117.83)",167,7:31:56,Mon
"(33.72, -117.91) (33.63, -117.83)",1,7:25:13,Tue
"(33.72, -117.91) (33.64, -117.84)",1,7:49:26,Sat
"(33.72, -118.29) (33.8, -118.11)",12,8:40:00,Wed
"(33.72, -118.29) (34.02, -118.26)",6,8:44:50,Wed
"(33.72, -118) (33.79, -118.04)",2,9:17:39,Wed
"(33.74, -117.87) (33.65, -117.85)",5,7:23:21,Fri
"(33.74, -118.28) (34.15, -118.09)",17,9:20:00,Fri
"(33.75, -117.18) (33.62, -117.28)",1,7:18:02,Tue
"(33.75, -117.81) (33.62, -117.91)",6,7:30:45,Thu
"(33.75, -117.87) (33.63, -117.83)",179,7:32:48,Fri
"(33.75, -118.3) (33.73, -118.3)",18,7:40:45,Sat
"(33.75, -118.31) (33.73, -118.3)",5,7:28:04,Thu
"(33.75, -118.31) (33.74, -118.31)",2,9:07:24,Fri
"(33.77, -117.25) (33.9, -117.32)",2,9:08:39,Tue
"(33.77, -118.28) (33.94, -118.24)",14,7:49:24,Wed
"(33.78, -117.81) (33.62, -117.91)",67,7:37:57,Wed
"(33.78, -117.89) (33.73, -118.03)",10,7:50:00,Tue
"(33.78, -117.89) (33.87, -117.77)",15,7:21:14,Wed
"(33.78, -117.89) (33.89, -117.87)",10,7:16:35,Fri
"(33.78, -118.19) (33.9, -118.23)",2,8:30:00,Tue
"(33.78, -118.27) (33.77, -118.32)",20,7:30:00,Thu
"(33.78, -118) (33.9, -117.85)",12,7:25:00,Thu
"(33.79, -117.89) (33.96, -118.13)",24,7:50:47,Tue
"(33.79, -118.04) (33.66, -117.88)",24,7:53:43,Mon
"(33.79, -118.04) (33.72, -118)",2,8:30:00,Wed
"(33.79, -118.13) (33.86, -118.31)",1,8:34:35,Thu
"(33.79, -118.16) (33.79, -118.18)",6,7:07:47,Thu
"(33.79, -118.16) (33.93, -118.29)",101,7:27:32,Fri
"(33.79, -118.16) (34, -118.29)",97,7:35:43,Wed
"(33.79, -118.16) (34.15, -118.33)",1,8:41:33,Sat
"(33.79, -118.19) (33.77, -118.18)",65,8:50:00,Thu
"(33.79, -118.19) (33.9, -118.23)",3,8:25:00,Mon
"(33.79, -118.19) (33.97, -118.26)",23,7:25:00,Tue
"(33.79, -118.24) (33.87, -118.39)",3,6:31:29,Fri
"(33.79, -118.3) (34.07, -118.19)",11,7:39:33,Fri
"(33.79, -118.31) (34.01, -118.49)",22,8:15:00,Wed
"(33.8, -117.89) (33.96, -118.13)",53,7:37:05,Tue
"(33.8, -118.15) (33.8, -118.12)",83,8:38:44,Fri
"(33.8, -118.18) (34.15, -118.33)",1,8:39:03,Sat
"(33.8, -118.22) (33.83, -118.26)",83,7:46:29,Wed
"(33.8, -118.26) (33.96, -118.1)",1,7:23:16,Fri
"(33.8, -118.27) (33.73, -118.3)",14,7:30:00,Mon
"(33.8, -118.29) (33.84, -118.09)",1,9:23:42,Sat
"(33.8, -118.29) (34.02, -118.26)",12,8:43:30,Thu
"(33.8, -118.3) (33.89, -118.38)",4,8:23:50,Mon
"(33.81, -117.19) (33.67, -117.34)",90,7:06:05,Wed
"(33.81, -117.93) (33.9, -117.85)",7,6:55:25,Thu
"(33.81, -118.2) (33.93, -118.25)",4,7:33:56,Tue
"(33.81, -118.21) (34.1, -118.31)",15,7:45:00,Thu
"(33.81, -118.22) (33.79, -118.18)",57,7:29:55,Mon
"(33.81, -118.26) (33.96, -118.29)",62,7:43:11,Fri
"(33.81, -118.27) (33.9, -118.36)",101,7:39:06,Tue
"(33.81, -118.31) (33.83, -118.29)",52,8:09:09,Wed
"(33.81, -118.32) (33.76, -118.32)",13,7:45:37,Thu
"(33.81, -118.32) (33.77, -118.3)",1,7:26:12,Tue
"(33.81, -118.32) (33.77, -118.32)",41,7:40:47,Thu
"(33.82, -118.07) (33.79, -118.18)",17,7:23:29,Fri
"(33.82, -118.07) (34.06, -118.17)",2,8:21:01,Wed
"(33.83, -117.86) (33.76, -117.88)",3,7:53:31,Thu
"(33.83, -118.26) (33.79, -118.26)",97,7:31:10,Thu
"(33.83, -118.27) (33.93, -118.27)",16,7:39:13,Tue
"(33.83, -118.32) (33.73, -118.3)",3,7:30:00,Fri
"(33.83, -118.39) (33.94, -118.32)",25,7:50:00,Tue
"(33.83, -118.39) (34.06, -118.34)",5,7:00:00,Tue
"(33.84, -117.19) (34.01, -118.35)",1,9:17:32,Sun
"(33.84, -117.89) (33.84, -117.91)",1,8:39:10,Wed
"(33.84, -118.09) (34.09, -117.82)",35,7:45:00,Fri
"(33.84, -118.17) (33.8, -118.27)",42,7:48:35,Thu
"(33.84, -118.18) (34.06, -118.17)",21,7:41:26,Tue
"(33.84, -118.27) (34.08, -118.3)",24,7:35:00,Wed
"(33.84, -118.29) (33.96, -118.21)",66,7:39:09,Fri
"(33.84, -118.29) (34.03, -118.39)",15,7:26:49,Mon
"(33.84, -118.29) (34.06, -118.17)",1,8:31:34,Wed
"(33.84, -118.3) (33.84, -118.12)",65,8:43:36,Thu
"(33.84, -118.3) (33.89, -118.18)",22,7:45:00,Wed
"(33.84, -118.3) (33.92, -118.31)",17,7:45:00,Thu
"(33.84, -118.3) (33.93, -118.31)",1,7:45:00,Tue
"(33.84, -118.3) (33.94, -118.27)",84,7:50:39,Thu
"(33.84, -118.3) (33.96, -118.21)",89,8:38:05,Mon
"(33.84, -118.3) (34.04, -118.18)",12,7:42:20,Fri
"(33.84, -118.3) (34.19, -118.53)",33,7:40:00,Thu
"(33.85, -117.88) (33.86, -118.01)",74,8:27:40,Fri
"(33.85, -118.07) (33.84, -118.12)",117,7:33:46,Tue
"(33.85, -118.16) (33.9, -118.15)",4,7:45:00,Fri
"(33.85, -118.16) (33.92, -118.38)",50,8:20:00,Mon
"(33.85, -118.16) (34.05, -118.02)",1,7:15:00,Wed
"(33.85, -118.16) (34.06, -118.33)",1,7:45:00,Wed
"(33.85, -118.24) (33.73, -118.3)",68,7:45:00,Mon
"(33.85, -118.24) (33.85, -118.37)",57,7:26:37,Thu
"(33.85, -118.24) (33.89, -118.18)",15,7:30:00,Thu
"(33.85, -118.24) (33.94, -118.3)",57,7:46:42,Fri
"(33.85, -118.24) (33.95, -118.05)",14,7:18:29,Wed
"(33.85, -118.24) (34.01, -117.98)",27,7:32:59,Thu
"(33.85, -118.24) (34.03, -118.27)",1,7:26:19,Mon
"(33.85, -118.25) (33.83, -118.22)",11,8:01:43,Tue
"(33.85, -118.25) (33.91, -118.38)",2,8:53:51,Fri
"(33.85, -118.26) (33.77, -118.32)",87,7:31:28,Mon
"(33.85, -118.26) (33.85, -118.08)",86,7:44:48,Tue
"(33.85, -118.26) (33.87, -118.19)",38,7:42:04,Tue
"(33.85, -118.26) (33.94, -118.27)",25,7:50:00,Tue
"(33.85, -118.26) (33.96, -118.4)",54,7:56:08,Tue
"(33.86, -117.8) (33.84, -117.91)",2,9:19:58,Thu
"(33.86, -117.88) (33.86, -118.01)",65,8:15:42,Thu
"(33.86, -118.06) (33.91, -118.33)",41,8:02:00,Tue
"(33.86, -118.1) (33.94, -118.13)",76,7:40:09,Thu
"(33.86, -118.12) (33.98, -118.09)",137,8:26:31,Fri
"(33.86, -118.16) (33.88, -118.09)",140,8:16:15,Tue
"(33.86, -118.18) (33.94, -118.13)",70,7:35:00,Fri
"(33.86, -118.2) (34.09, -118.14)",3,8:45:00,Tue
"(33.86, -118.22) (33.71, -117.9)",48,6:59:43,Tue
"(33.86, -118.22) (33.96, -118.26)",90,6:54:41,Thu
"(33.86, -118.22) (34.02, -118.18)",80,7:02:35,Fri
"(33.86, -118.22) (34.03, -118.19)",8,7:08:06,Tue
"(33.86, -118.26) (33.8, -118.31)",21,7:35:56,Fri
"(33.86, -118.26) (33.85, -118.37)",2,8:27:25,Tue
"(33.87, -117.58) (33.97, -117.72)",48,8:16:55,Thu
"(33.87, -117.8) (33.79, -117.9)",14,7:27:00,Tue
"(33.87, -117.86) (33.86, -118.01)",25,8:11:43,Thu
"(33.87, -117.88) (33.67, -117.79)",165,8:10:00,Mon
"(33.87, -117.91) (33.67, -117.88)",1,8:47:55,Thu
"(33.87, -118.09) (33.89, -118.23)",46,7:40:00,Tue
"(33.87, -118.14) (33.9, -118.15)",39,7:43:53,Fri
"(33.87, -118.14) (33.96, -118.29)",77,7:30:00,Mon
"(33.87, -118.14) (33.97, -118.27)",40,7:38:58,Mon
"(33.87, -118.15) (34.02, -118.26)",34,9:07:17,Thu
"(33.87, -118.18) (33.85, -118.2)",38,8:48:00,Fri
"(33.87, -118.19) (33.89, -118.22)",69,7:43:11,Tue
"(33.87, -118.19) (33.9, -118.2)",69,7:43:00,Wed
"(33.87, -118.19) (33.93, -118.2)",4,8:07:28,Mon
"(33.87, -118.2) (33.94, -118.24)",9,7:57:09,Tue
"(33.87, -118.2) (34.09, -118.18)",29,7:45:00,Fri
"(33.87, -118.25) (33.91, -118.2)",27,8:32:01,Mon
"(33.87, -118.26) (34.21, -118.45)",1,8:52:53,Mon
"(33.87, -118.29) (33.78, -118.14)",90,7:23:58,Thu
"(33.87, -118.29) (33.8, -118.31)",42,7:45:00,Wed
"(33.87, -118.29) (33.82, -118.28)",45,7:15:00,Thu
"(33.87, -118.29) (33.85, -118.18)",53,7:30:00,Thu
"(33.87, -118.29) (34.02, -118.35)",2,7:40:00,Fri
"(33.87, -118.3) (33.92, -118.31)",138,7:41:30,Tue
"(33.87, -118.34) (34.02, -118.37)",28,8:02:29,Wed
"(33.87, -118) (33.97, -118.21)",13,7:40:00,Tue
"(33.87, -118) (33.98, -118.22)",12,7:50:00,Wed
"(33.88, -117.62) (34.06, -117.95)",10,7:46:23,Tue
"(33.88, -117.85) (33.76, -117.96)",34,7:34:27,Mon
"(33.88, -117.92) (33.78, -118.14)",2,7:47:01,Wed
"(33.88, -118.07) (34.01, -118.47)",10,8:25:00,Tue
"(33.88, -118.07) (34.04, -118.49)",87,7:51:42,Mon
"(33.88, -118.08) (33.94, -118.19)",20,7:30:00,Tue
"(33.88, -118.12) (33.88, -118.07)",68,8:20:00,Thu
"(33.88, -118.14) (34.14, -118.25)",9,8:00:00,Fri
"(33.88, -118.18) (33.86, -118.17)",42,7:30:00,Mon
"(33.88, -118.19) (33.88, -118.09)",21,8:14:15,Tue
"(33.88, -118.19) (33.94, -118.25)",13,7:51:05,Fri
"(33.88, -118.19) (34.07, -118.29)",5,7:35:00,Fri
"(33.88, -118.19) (34.08, -118.29)",12,7:45:00,Mon
"(33.88, -118.2) (34, -118.33)",10,7:35:00,Mon
"(33.88, -118.22) (33.9, -118.22)",1,9:30:00,Mon
"(33.88, -118.29) (33.97, -117.9)",12,7:22:09,Mon
"(33.88, -118.29) (33.98, -117.9)",80,7:16:36,Fri
"(33.88, -118.29) (34.02, -118.26)",2,9:09:44,Thu
"(33.88, -118.39) (33.83, -118.33)",31,8:20:00,Fri
"(33.88, -118.39) (33.83, -118.34)",30,7:55:00,Fri
"(33.88, -118.4) (34.09, -118.47)",1,9:11:15,Sun
"(33.89, -117.19) (33.88, -117.2)",12,7:44:10,Tue
"(33.89, -117.21) (33.96, -117.26)",38,7:41:40,Fri
"(33.89, -118.12) (33.86, -118.13)",77,7:15:28,Fri
"(33.89, -118.12) (33.86, -118.15)",6,8:15:00,Thu
"(33.89, -118.12) (33.91, -118.38)",8,8:48:12,Thu
"(33.89, -118.13) (33.91, -118.38)",5,9:00:00,Fri
"(33.89, -118.13) (34.02, -118.26)",99,9:00:00,Tue
"(33.89, -118.18) (33.77, -118.18)",57,8:36:46,Mon
"(33.89, -118.18) (33.78, -118.14)",59,7:45:04,Fri
"(33.89, -118.18) (33.79, -118.19)",1,7:50:00,Mon
"(33.89, -118.18) (34.06, -118.17)",1,7:58:02,Tue
"(33.89, -118.18) (34.09, -118.33)",1,9:24:27,Tue
"(33.89, -118.19) (33.96, -118.27)",104,7:47:14,Tue
"(33.89, -118.19) (33.97, -118.27)",1,8:27:32,Wed
"(33.89, -118.19) (34.08, -118.29)",8,7:15:46,Fri
"(33.89, -118.21) (34.02, -118.28)",1,9:10:55,Thu
"(33.89, -118.21) (34.06, -117.61)",1,8:32:56,Fri
"(33.89, -118.22) (34.03, -118.43)",29,7:35:00,Tue
"(33.89, -118.23) (34.06, -118.34)",7,7:40:25,Fri
"(33.89, -118.24) (33.78, -118.14)",69,7:33:06,Wed
"(33.89, -118.24) (33.91, -118.38)",6,8:55:00,Fri
"(33.89, -118.26) (33.78, -118.14)",85,7:31:04,Fri
"(33.89, -118.26) (33.94, -118.24)",36,7:57:21,Mon
"(33.89, -118.26) (34.05, -117.91)",19,8:00:00,Tue
"(33.89, -118.3) (34.03, -118.32)",26,7:45:00,Mon
"(33.89, -118.31) (33.85, -118.26)",1,9:17:24,Sat
"(33.89, -118.32) (33.92, -118.31)",1,7:35:39,Wed
"(33.89, -118.34) (33.97, -118.4)",7,8:23:51,Thu
"(33.9, -118.06) (33.73, -118.3)",1,7:25:58,Wed
"(33.9, -118.07) (33.9, -118.19)",14,7:45:00,Mon
"(33.9, -118.07) (33.98, -118.09)",15,7:40:00,Wed
"(33.9, -118.11) (33.87, -118.12)",1,9:20:50,Fri
"(33.9, -118.11) (33.89, -118.13)",1,8:57:46,Thu
"(33.9, -118.11) (33.9, -118.26)",21,7:29:21,Mon
"(33.9, -118.11) (33.96, -118.29)",11,7:58:27,Fri
"(33.9, -118.11) (34.01, -118.35)",1,7:55:04,Fri
"(33.9, -118.11) (34.05, -118.26)",1,7:52:15,Fri
"(33.9, -118.15) (34, -118.33)",11,8:50:00,Tue
"(33.9, -118.15) (34.06, -118.17)",17,7:35:52,Wed
"(33.9, -118.17) (33.79, -118.18)",19,7:34:21,Fri
"(33.9, -118.17) (33.91, -118.38)",7,8:36:55,Tue
"(33.9, -118.17) (33.92, -118.38)",27,9:00:18,Tue
"(33.9, -118.18) (34.03, -118.21)",45,7:40:00,Fri
"(33.9, -118.2) (33.91, -118.38)",3,9:15:18,Fri
"(33.9, -118.2) (33.94, -118.14)",1,7:33:34,Fri
"(33.9, -118.2) (33.99, -118.2)",17,7:40:00,Thu
"(33.9, -118.2) (33.99, -118.32)",2,9:19:20,Fri
"(33.9, -118.2) (34.02, -118.26)",69,9:00:00,Tue
"(33.9, -118.2) (34.02, -118.46)",1,7:44:19,Mon
"(33.9, -118.2) (34.03, -118.39)",4,7:50:12,Tue
"(33.9, -118.22) (33.91, -118.27)",87,7:39:14,Wed
"(33.9, -118.22) (33.94, -118.2)",36,8:15:00,Thu
"(33.9, -118.22) (33.96, -118.36)",60,7:45:00,Thu
"(33.9, -118.23) (33.91, -118.21)",41,8:25:46,Tue
"(33.9, -118.24) (33.9, -118.23)",1,7:30:00,Tue
"(33.9, -118.24) (33.93, -118.24)",5,7:57:55,Fri
"(33.9, -118.24) (34.06, -118.28)",24,7:35:00,Fri
"(33.9, -118.25) (33.89, -118.09)",1,9:11:03,Thu
"(33.9, -118.25) (33.9, -118.23)",14,7:30:00,Mon
"(33.9, -118.25) (33.99, -118.33)",5,8:11:09,Wed
"(33.9, -118.26) (33.88, -118.12)",1,9:08:11,Wed
"(33.9, -118.26) (33.9, -118.11)",8,9:09:49,Thu
"(33.9, -118.26) (33.94, -118.37)",1,8:00:00,Fri
"(33.9, -118.26) (34.05, -118.26)",1,9:11:33,Fri
"(33.9, -118.26) (34.15, -118.15)",1,9:10:51,Tue
"(33.9, -118.32) (33.87, -118.3)",1,7:28:27,Wed
"(33.9, -118.32) (33.94, -118.24)",34,7:40:00,Tue
"(33.9, -118.32) (34.03, -118.27)",1,8:45:00,Tue
"(33.9, -118.32) (34.22, -118.45)",50,7:50:00,Thu
"(33.9, -118.33) (33.98, -118.32)",69,7:18:43,Fri
"(33.9, -118.35) (33.86, -118.27)",1,9:13:21,Fri
"(33.9, -118.35) (33.9, -118.39)",2,8:28:31,Thu
"(33.9, -118.35) (33.93, -118.31)",1,8:07:12,Tue
"(33.9, -118.35) (33.99, -118.18)",126,7:22:40,Wed
"(33.9, -118.35) (34.02, -118.47)",2,8:59:51,Thu
"(33.9, -118.35) (34.14, -118.14)",2,8:28:58,Fri
"(33.9, -118.35) (34.32, -118.42)",2,8:08:02,Fri
"(33.9, -118.36) (33.79, -118.22)",94,7:34:10,Wed
"(33.9, -118.36) (33.8, -118.31)",12,7:50:00,Tue
"(33.9, -118.36) (33.89, -118.23)",44,7:50:00,Mon
"(33.9, -118.36) (33.9, -118.39)",1,9:13:04,Thu
"(33.9, -118.36) (33.97, -118.35)",1,8:15:12,Sat
"(33.9, -118.36) (34.01, -118.33)",10,7:50:27,Sat
"(33.9, -118.37) (34.03, -118.39)",1,8:15:14,Tue
"(33.91, -117.18) (33.95, -117.26)",5,7:50:00,Wed
"(33.91, -117.18) (34.05, -118.27)",4,7:35:00,Mon
"(33.91, -118.01) (33.91, -118.09)",16,6:38:30,Tue
"(33.91, -118.09) (33.78, -118.19)",73,7:31:46,Tue
"(33.91, -118.09) (33.9, -118.15)",1,9:13:59,Sat
"(33.91, -118.09) (34.04, -118.27)",1,8:41:13,Sat
"(33.91, -118.09) (34.05, -118.26)",1,8:27:26,Sat
"(33.91, -118.12) (34, -117.95)",2,7:30:00,Tue
"(33.91, -118.15) (33.92, -118.26)",49,7:39:19,Thu
"(33.91, -118.15) (34.15, -118.32)",1,8:30:43,Sat
"(33.91, -118.16) (33.99, -118.26)",42,7:29:03,Thu
"(33.91, -118.16) (34.07, -118.27)",1,7:48:00,Thu
"(33.91, -118.19) (33.94, -118.27)",2,7:41:41,Wed
"(33.91, -118.2) (33.92, -118.12)",36,8:15:00,Tue
"(33.91, -118.2) (33.95, -118.22)",32,7:35:00,Fri
"(33.91, -118.2) (33.96, -118.21)",32,7:50:00,Fri
"(33.91, -118.25) (33.94, -118.29)",1,9:20:00,Tue
"(33.91, -118.25) (33.94, -118.3)",1,7:45:00,Mon
"(33.91, -118.26) (33.91, -118.38)",52,8:54:56,Mon
"(33.91, -118.26) (33.98, -118.33)",33,7:40:00,Tue
"(33.91, -118.26) (34.02, -118.26)",92,9:08:11,Thu
"(33.91, -118.26) (34.05, -118.26)",1,9:06:43,Sat
"(33.91, -118.27) (33.86, -118.34)",91,8:15:00,Fri
"(33.91, -118.27) (33.86, -118.35)",59,7:50:00,Wed
"(33.91, -118.29) (33.94, -118.27)",1,7:33:02,Tue
"(33.91, -118.29) (34.06, -118.26)",1,7:02:39,Fri
"(33.91, -118.32) (33.99, -118.45)",8,8:50:00,Wed
"(33.91, -118.33) (33.94, -118.27)",15,7:55:00,Mon
"(33.91, -118.33) (34, -118.36)",15,8:05:00,Thu
"(33.91, -118.34) (33.84, -118.12)",64,7:30:00,Wed
"(33.91, -118.34) (33.98, -118.33)",70,7:42:12,Fri
"(33.91, -118.35) (34.12, -118.25)",1,8:53:27,Sat
"(33.91, -118.36) (33.92, -118.38)",172,8:50:02,Wed
"(33.91, -118.37) (33.86, -118.03)",17,8:35:00,Fri
"(33.92, -117.45) (33.68, -117.16)",2,7:42:02,Mon
"(33.92, -118.03) (33.94, -118.02)",10,8:30:00,Wed
"(33.92, -118.05) (33.94, -118.02)",19,8:30:25,Fri
"(33.92, -118.08) (33.96, -118.29)",3,7:45:44,Fri
"(33.92, -118.09) (33.95, -118.05)",30,7:37:21,Wed
"(33.92, -118.1) (34.03, -118.19)",86,7:45:00,Thu
"(33.92, -118.11) (33.94, -118.02)",158,8:11:36,Wed
"(33.92, -118.17) (33.96, -118.29)",2,7:09:31,Thu
"(33.92, -118.17) (34.01, -118.25)",137,7:32:02,Tue
"(33.92, -118.17) (34.08, -118)",16,7:32:47,Mon
"(33.92, -118.17) (34.12, -117.81)",9,7:27:55,Wed
"(33.92, -118.2) (33.91, -118.38)",114,9:01:07,Wed
"(33.92, -118.21) (33.91, -118.38)",3,8:58:55,Mon
"(33.92, -118.21) (33.94, -118.27)",5,8:00:00,Wed
"(33.92, -118.22) (33.94, -118.27)",8,7:55:00,Fri
"(33.92, -118.23) (33.88, -118.09)",172,8:13:36,Wed
"(33.92, -118.24) (33.91, -118.38)",1,8:58:39,Fri
"(33.92, -118.24) (33.93, -118.28)",6,7:34:12,Fri
"(33.92, -118.24) (33.95, -118.22)",5,7:31:24,Tue
"(33.92, -118.24) (34.15, -118.12)",13,7:36:54,Mon
"(33.92, -118.25) (33.82, -118.28)",14,7:34:47,Fri
"(33.92, -118.25) (33.98, -118.26)",53,7:30:00,Thu
"(33.92, -118.25) (34.01, -118.33)",1,9:27:44,Mon
"(33.92, -118.25) (34.03, -118.26)",88,7:18:33,Wed
"(33.92, -118.27) (33.91, -118.38)",123,8:48:31,Fri
"(33.92, -118.27) (33.97, -118.42)",1,8:54:18,Sat
"(33.92, -118.28) (33.8, -118.31)",26,7:44:00,Mon
"(33.92, -118.28) (33.96, -118.29)",43,7:39:44,Mon
"(33.92, -118.28) (34.01, -118.33)",10,7:45:00,Fri
"(33.92, -118.28) (34.02, -118.35)",48,7:35:00,Wed
"(33.92, -118.28) (34.03, -118.39)",143,7:30:00,Wed
"(33.92, -118.29) (33.98, -118.31)",20,7:56:04,Wed
"(33.92, -118.29) (33.99, -118.22)",10,7:50:00,Wed
"(33.92, -118.29) (34.03, -118.23)",1,7:42:32,Fri
"(33.92, -118.29) (34.27, -118.3)",21,7:40:00,Mon
"(33.92, -118.3) (33.95, -118.31)",1,8:55:09,Sun
"(33.92, -118.31) (33.84, -118.13)",15,8:40:00,Tue
"(33.92, -118.31) (33.94, -118.27)",1,7:53:14,Tue
"(33.92, -118.34) (34.09, -118.47)",1,9:14:55,Sat
"(33.92, -118.37) (33.91, -118.38)",51,8:53:34,Wed
"(33.93, -117.41) (33.99, -117.35)",1,8:58:24,Wed
"(33.93, -118.03) (34.02, -118.12)",124,7:52:37,Thu
"(33.93, -118.05) (33.9, -118.13)",7,7:55:00,Mon
"(33.93, -118.05) (34.06, -117.74)",26,7:48:42,Wed
"(33.93, -118.08) (33.94, -118.25)",5,7:45:00,Fri
"(33.93, -118.1) (33.9, -118.13)",4,7:55:00,Wed
"(33.93, -118.14) (34.01, -118.12)",92,7:49:10,Thu
"(33.93, -118.17) (34, -118.26)",30,7:42:55,Mon
"(33.93, -118.19) (33.88, -118.3)",5,7:30:00,Thu
"(33.93, -118.22) (33.99, -118.29)",9,7:50:00,Thu
"(33.93, -118.22) (34, -118.31)",2,6:47:00,Fri
"(33.93, -118.22) (34.04, -118.21)",20,7:50:00,Wed
"(33.93, -118.23) (33.86, -118.12)",4,7:04:11,Tue
"(33.93, -118.24) (33.9, -118.18)",78,8:08:16,Thu
"(33.93, -118.25) (33.77, -118.3)",4,7:15:00,Tue
"(33.93, -118.25) (33.85, -118.08)",56,7:30:00,Thu
"(33.93, -118.25) (33.9, -118.25)",111,7:31:38,Fri
"(33.93, -118.25) (33.92, -118.25)",1,7:30:00,Fri
"(33.93, -118.25) (33.92, -118.38)",1,9:04:50,Thu
"(33.93, -118.25) (33.93, -118.18)",71,8:35:00,Wed
"(33.93, -118.25) (34.02, -118.26)",44,8:56:10,Wed
"(33.93, -118.26) (33.86, -118.31)",52,7:38:40,Thu
"(33.93, -118.26) (33.9, -118.25)",41,7:50:00,Thu
"(33.93, -118.26) (34.02, -118.26)",41,8:51:08,Mon
"(33.93, -118.27) (33.85, -118.25)",48,7:45:00,Fri
"(33.93, -118.27) (33.89, -118.11)",46,7:45:00,Thu
"(33.93, -118.27) (33.89, -118.21)",1,7:19:21,Mon
"(33.93, -118.27) (33.9, -118.19)",4,8:19:50,Tue
"(33.93, -118.27) (33.94, -118.27)",2,7:26:08,Tue
"(33.93, -118.27) (33.94, -118.29)",1,9:08:50,Tue
"(33.93, -118.27) (33.98, -118.22)",1,8:33:56,Sat
"(33.93, -118.27) (33.98, -118.31)",4,7:45:00,Tue
"(33.93, -118.27) (34, -118.26)",10,7:40:00,Tue
"(33.93, -118.27) (34.02, -118.35)",1,7:25:21,Thu
"(33.93, -118.27) (34.04, -118.21)",3,8:00:00,Fri
"(33.93, -118.27) (34.06, -118.17)",1,8:39:17,Tue
"(33.93, -118.27) (34.1, -118.34)",22,7:27:45,Tue
"(33.93, -118.27) (34.11, -118.12)",12,7:13:15,Tue
"(33.93, -118.27) (34.17, -118.33)",15,7:45:00,Wed
"(33.93, -118.27) (34.19, -118.31)",19,7:50:00,Wed
"(33.93, -118.28) (33.94, -118.27)",6,8:00:00,Thu
"(33.93, -118.28) (34.11, -118.12)",1,7:13:15,Mon
"(33.93, -118.29) (33.84, -118.32)",159,7:34:02,Wed
"(33.93, -118.29) (33.88, -118.3)",16,7:30:00,Thu
"(33.93, -118.29) (33.98, -118.31)",18,7:30:00,Tue
"(33.93, -118.29) (33.99, -118.27)",3,7:50:00,Wed
"(33.93, -118.29) (34.02, -117.95)",15,8:00:00,Thu
"(33.93, -118.3) (33.94, -118.27)",1,7:45:00,Mon
"(33.93, -118.3) (34.09, -118.11)",33,7:42:50,Thu
"(33.93, -118.3) (34.11, -118.12)",5,7:13:15,Fri
"(33.93, -118.31) (33.8, -118.31)",22,7:10:19,Mon
"(33.93, -118.31) (33.92, -118.43)",1,8:17:08,Sat
"(33.93, -118.31) (33.96, -118.21)",4,7:38:36,Tue
"(33.93, -118.33) (33.85, -118.18)",14,7:49:34,Thu
"(33.93, -118.33) (33.98, -118.28)",10,7:10:00,Tue
"(33.93, -118.33) (33.99, -118.29)",83,7:35:45,Mon
"(33.93, -118.33) (34, -118.31)",30,7:30:00,Fri
"(33.93, -118.33) (34.04, -118.49)",2,7:13:58,Mon
"(33.93, -118.34) (33.8, -118.31)",42,7:48:55,Mon
"(33.93, -118.34) (33.92, -118.18)",8,7:41:11,Thu
"(33.93, -118.34) (33.94, -118.22)",15,7:50:00,Wed
"(33.93, -118.34) (33.94, -118.24)",103,7:44:57,Tue
"(33.93, -118.35) (33.92, -118.43)",1,8:13:27,Sat
"(33.93, -118.35) (33.93, -118.34)",26,7:53:01,Mon
"(33.93, -118.35) (33.97, -118.42)",2,8:48:05,Sat
"(33.93, -118.37) (33.76, -118.36)",34,8:05:12,Tue
"(33.93, -118.37) (33.89, -118.39)",87,8:23:53,Wed
"(33.93, -118.37) (33.91, -118.38)",18,8:15:55,Tue
"(33.94, -117.4) (34.07, -117.79)",3,7:35:00,Wed
"(33.94, -118.15) (34.06, -118.17)",1,7:54:20,Mon
"(33.94, -118.18) (33.9, -118.22)",3,8:45:00,Thu
"(33.94, -118.18) (33.97, -118.03)",12,7:21:58,Wed
"(33.94, -118.18) (33.98, -118.04)",3,8:29:08,Tue
"(33.94, -118.18) (34.07, -117.78)",7,7:45:00,Tue
"(33.94, -118.19) (33.89, -118.23)",150,7:46:47,Thu
"(33.94, -118.19) (33.94, -118.14)",1,7:25:30,Sat
"(33.94, -118.19) (33.98, -118.09)",162,7:28:38,Thu
"(33.94, -118.19) (34.02, -118.26)",1,9:00:00,Wed
"(33.94, -118.19) (34.03, -118.26)",23,7:45:00,Fri
"(33.94, -118.19) (34.04, -118.26)",4,9:04:09,Mon
"(33.94, -118.2) (33.92, -118.14)",115,7:25:00,Fri
"(33.94, -118.2) (33.98, -118.21)",1,7:22:15,Mon
"(33.94, -118.2) (34.01, -118.27)",36,7:50:55,Thu
"(33.94, -118.2) (34.02, -118.26)",24,9:00:00,Wed
"(33.94, -118.21) (33.91, -118.38)",5,9:02:07,Fri
"(33.94, -118.22) (34.02, -118.26)",4,8:53:12,Tue
"(33.94, -118.23) (33.85, -118.4)",1,9:00:00,Thu
"(33.94, -118.23) (34.02, -118.28)",1,9:06:55,Thu
"(33.94, -118.23) (34.04, -118.18)",3,8:17:09,Sat
"(33.94, -118.24) (33.93, -118.19)",33,7:30:00,Wed
"(33.94, -118.24) (34.02, -118.26)",13,9:00:00,Wed
"(33.94, -118.24) (34.02, -118.28)",1,9:00:00,Thu
"(33.94, -118.25) (33.91, -118.38)",5,8:54:42,Wed
"(33.94, -118.25) (34.08, -118.13)",11,7:50:00,Fri
"(33.94, -118.25) (34.1, -118.24)",24,7:37:59,Wed
"(33.94, -118.25) (34.12, -118.21)",15,7:37:14,Wed
"(33.94, -118.26) (33.91, -118.38)",34,8:56:06,Wed
"(33.94, -118.26) (34.02, -118.21)",1,8:20:27,Thu
"(33.94, -118.27) (33.8, -118.31)",22,7:51:31,Wed
"(33.94, -118.27) (34.02, -118.26)",5,8:52:35,Thu
"(33.94, -118.27) (34.05, -118.29)",116,7:35:25,Fri
"(33.94, -118.27) (34.1, -118.24)",130,7:25:58,Mon
"(33.94, -118.27) (34.12, -118.21)",1,7:29:11,Tue
"(33.94, -118.27) (34.12, -118.25)",2,8:59:04,Sat
"(33.94, -118.28) (33.96, -118.29)",1,7:44:11,Fri
"(33.94, -118.28) (34.06, -118.26)",36,7:27:21,Wed
"(33.94, -118.29) (34.02, -118.26)",2,8:52:48,Wed
"(33.94, -118.29) (34.07, -118.42)",26,8:05:00,Tue
"(33.94, -118.3) (33.91, -118.38)",28,8:58:15,Thu
"(33.94, -118.3) (34.01, -118.26)",39,8:07:27,Fri
"(33.94, -118.3) (34.08, -118.29)",4,8:24:47,Sat
"(33.94, -118.3) (34.09, -118.33)",1,7:52:31,Wed
"(33.94, -118.3) (34.16, -118.09)",19,7:30:00,Fri
"(33.94, -118.31) (33.94, -118.32)",88,7:29:09,Mon
"(33.94, -118.31) (34.01, -118.33)",1,7:12:13,Tue
"(33.94, -118.31) (34.02, -118.32)",1,7:11:38,Mon
"(33.94, -118.32) (33.85, -118.38)",16,7:38:40,Fri
"(33.94, -118.32) (33.94, -118.08)",3,7:47:46,Wed
"(33.94, -118.32) (33.94, -118.27)",27,9:03:22,Fri
"(33.94, -118.32) (33.94, -118.31)",99,7:39:55,Wed
"(33.94, -118.32) (33.95, -118.05)",44,7:39:42,Tue
"(33.94, -118.32) (34.06, -118.08)",17,7:52:00,Mon
"(33.94, -118.32) (34.06, -118.34)",13,7:37:00,Tue
"(33.94, -118.33) (33.65, -117.85)",1,6:55:23,Thu
"(33.94, -118.35) (34.09, -118.3)",66,7:45:28,Wed
"(33.94, -118.36) (33.77, -118.42)",5,8:13:01,Wed
"(33.94, -118.36) (33.8, -118.21)",25,7:45:00,Wed
"(33.94, -118.37) (33.75, -118.33)",6,8:03:54,Thu
"(33.95, -118.01) (33.94, -118)",18,7:33:59,Thu
"(33.95, -118.01) (33.95, -118.05)",1,7:35:39,Mon
"(33.95, -118.02) (33.9, -118.13)",40,8:00:00,Wed
"(33.95, -118.02) (34.12, -118.18)",61,7:57:54,Mon
"(33.95, -118.03) (33.9, -118.13)",19,7:55:00,Wed
"(33.95, -118.04) (33.89, -118.11)",7,7:20:00,Fri
"(33.95, -118.04) (34.16, -118.27)",4,7:45:00,Fri
"(33.95, -118.09) (33.9, -118.13)",3,7:50:00,Fri
"(33.95, -118.2) (34.11, -118.25)",4,7:25:43,Wed
"(33.95, -118.23) (33.87, -118.15)",1,7:44:17,Tue
"(33.95, -118.23) (33.89, -118.17)",5,7:36:17,Fri
"(33.95, -118.24) (33.83, -118.29)",1,8:00:00,Thu
"(33.95, -118.24) (33.86, -118.31)",1,7:45:00,Thu
"(33.95, -118.26) (33.96, -118.29)",15,7:45:00,Wed
"(33.95, -118.26) (34.09, -118.11)",4,7:24:45,Wed
"(33.95, -118.26) (34.14, -118.13)",34,8:42:08,Fri
"(33.95, -118.27) (33.9, -118.25)",1,7:38:34,Thu
"(33.95, -118.27) (33.98, -118.15)",93,7:54:35,Tue
"(33.95, -118.27) (34, -118.25)",62,7:30:00,Mon
"(33.95, -118.27) (34.02, -118.26)",3,8:51:18,Wed
"(33.95, -118.28) (33.71, -117.9)",2,6:30:08,Mon
"(33.95, -118.28) (33.86, -118.07)",125,7:25:00,Tue
"(33.95, -118.28) (33.92, -118.26)",46,7:42:54,Wed
"(33.95, -118.28) (33.94, -118.27)",2,7:30:38,Wed
"(33.95, -118.28) (33.94, -118.3)",2,7:39:19,Thu
"(33.95, -118.28) (33.98, -118.33)",1,7:40:00,Thu
"(33.95, -118.29) (33.94, -118.27)",3,7:50:00,Mon
"(33.95, -118.29) (34.02, -118.26)",2,8:55:30,Mon
"(33.95, -118.29) (34.06, -118.26)",37,7:17:11,Mon
"(33.95, -118.29) (34.06, -118.34)",9,7:47:00,Wed
"(33.95, -118.29) (34.09, -118.33)",1,7:43:32,Wed
"(33.95, -118.3) (33.85, -118.4)",1,9:00:00,Thu
"(33.95, -118.3) (33.96, -118.25)",22,9:01:00,Thu
"(33.95, -118.31) (33.88, -118.3)",26,7:33:36,Thu
"(33.95, -118.31) (33.92, -118.18)",92,6:43:00,Wed
"(33.95, -118.32) (33.85, -118.07)",1,8:28:50,Sat
"(33.95, -118.32) (33.89, -118.33)",1,8:46:11,Sat
"(33.95, -118.32) (34.01, -118.34)",5,8:16:04,Wed
"(33.95, -118.32) (34.02, -118.35)",91,7:44:51,Fri
"(33.95, -118.32) (34.06, -118.17)",4,7:36:31,Fri
"(33.95, -118.44) (33.72, -118.3)",2,7:35:19,Thu
"(33.95, -118.44) (33.73, -118.3)",2,7:28:33,Tue
"(33.96, -118.05) (33.87, -118.34)",8,7:45:00,Wed
"(33.96, -118.05) (34.02, -117.77)",82,7:50:57,Thu
"(33.96, -118.05) (34.1, -117.79)",23,7:45:00,Tue
"(33.96, -118.09) (33.94, -118.14)",106,7:36:05,Tue
"(33.96, -118.09) (34.05, -117.91)",14,8:02:15,Mon
"(33.96, -118.09) (34.15, -118.16)",17,7:54:15,Fri
"(33.96, -118.12) (33.98, -118.09)",26,7:22:12,Fri
"(33.96, -118.13) (33.85, -118.08)",31,7:19:03,Tue
"(33.96, -118.13) (33.87, -118.09)",30,7:18:00,Thu
"(33.96, -118.13) (33.94, -118.18)",2,7:20:00,Fri
"(33.96, -118.14) (33.78, -118.16)",20,8:25:44,Fri
"(33.96, -118.14) (34.06, -118.26)",1,7:16:41,Thu
"(33.96, -118.14) (34.07, -118.29)",2,7:19:22,Mon
"(33.96, -118.16) (33.89, -118.24)",13,7:50:00,Wed
"(33.96, -118.16) (33.97, -118.21)",1,8:29:14,Tue
"(33.96, -118.16) (33.98, -118.19)",1,8:45:00,Tue
"(33.96, -118.16) (34.05, -117.76)",3,7:35:00,Fri
"(33.96, -118.17) (33.94, -118.16)",17,7:30:00,Wed
"(33.96, -118.17) (34.02, -118.18)",132,7:41:44,Fri
"(33.96, -118.17) (34.02, -118.26)",54,9:03:16,Thu
"(33.96, -118.2) (33.94, -118.25)",12,7:45:00,Fri
"(33.96, -118.21) (33.77, -118.18)",6,8:36:46,Wed
"(33.96, -118.21) (33.78, -118.14)",7,7:35:52,Wed
"(33.96, -118.21) (34.04, -118.28)",3,7:15:00,Thu
"(33.96, -118.21) (34.05, -118.22)",21,7:45:00,Mon
"(33.96, -118.21) (34.12, -117.88)",1,9:11:13,Tue
"(33.96, -118.22) (34, -117.96)",2,7:45:00,Fri
"(33.96, -118.24) (33.92, -118.43)",2,8:24:56,Sat
"(33.96, -118.24) (33.97, -118.42)",1,9:01:03,Sat
"(33.96, -118.25) (33.94, -118.27)",3,7:50:00,Tue
"(33.96, -118.25) (33.98, -118.22)",12,7:20:00,Thu
"(33.96, -118.25) (33.99, -118.22)",11,7:50:00,Fri
"(33.96, -118.26) (33.8, -118.31)",17,7:52:05,Tue
"(33.96, -118.26) (33.94, -118.23)",11,7:30:00,Fri
"(33.96, -118.26) (33.94, -118.27)",1,7:31:04,Tue
"(33.96, -118.26) (33.94, -118.29)",1,9:20:06,Tue
"(33.96, -118.26) (33.97, -118.32)",58,7:35:00,Thu
"(33.96, -118.26) (34.04, -117.75)",37,7:45:00,Mon
"(33.96, -118.26) (34.04, -118.21)",32,7:30:00,Tue
"(33.96, -118.26) (34.05, -118.26)",1,9:18:25,Sat
"(33.96, -118.26) (34.06, -118.33)",159,7:38:50,Mon
"(33.96, -118.26) (34.09, -118.11)",64,7:29:38,Thu
"(33.96, -118.26) (34.1, -118.34)",28,7:50:00,Mon
"(33.96, -118.28) (33.78, -118.19)",1,8:15:27,Fri
"(33.96, -118.28) (33.91, -118.38)",4,9:00:00,Fri
"(33.96, -118.28) (34.02, -118.26)",123,8:48:33,Fri
"(33.96, -118.29) (33.87, -118.21)",2,7:50:50,Fri
"(33.96, -118.29) (33.91, -118.38)",6,8:54:27,Thu
"(33.96, -118.29) (33.94, -118.28)",27,7:25:00,Wed
"(33.96, -118.29) (33.95, -118.26)",28,7:45:00,Thu
"(33.96, -118.29) (34.07, -118.45)",16,8:49:24,Fri
"(33.96, -118.3) (33.91, -118.38)",14,8:55:59,Thu
"(33.96, -118.3) (34.02, -118.26)",13,8:54:16,Wed
"(33.96, -118.3) (34.13, -118.21)",1,8:30:34,Sat
"(33.96, -118.33) (33.91, -118.38)",3,9:00:00,Tue
"(33.96, -118.33) (34.02, -118.26)",11,8:50:27,Wed
"(33.96, -118.33) (34.03, -117.95)",1,7:08:37,Sat
"(33.96, -118.33) (34.12, -118.25)",2,8:49:18,Sat
"(33.96, -118.34) (33.91, -118.38)",2,8:55:04,Mon
"(33.96, -118.35) (33.91, -118.38)",1,8:53:17,Tue
"(33.96, -118.35) (34.02, -118.35)",9,7:55:00,Wed
"(33.96, -118.36) (34.12, -118.25)",8,9:00:24,Sat
"(33.96, -118.37) (34.03, -118.41)",86,7:44:27,Fri
"(33.97, -117.25) (33.68, -117.16)",3,8:00:50,Fri
"(33.97, -117.35) (33.99, -117.35)",2,8:52:35,Tue
"(33.97, -117.73) (34.01, -117.89)",3,7:01:36,Mon
"(33.97, -117.73) (34.02, -117.91)",1,8:47:10,Mon
"(33.97, -117.9) (34.02, -117.95)",1,8:18:42,Mon
"(33.97, -118.03) (33.9, -118.13)",22,7:55:00,Wed
"(33.97, -118.04) (33.9, -118.13)",13,7:57:26,Mon
"(33.97, -118.04) (33.93, -118.01)",70,7:30:00,Wed
"(33.97, -118.05) (34.01, -118.1)",70,7:30:00,Wed
"(33.97, -118.07) (33.9, -118.13)",12,7:55:00,Fri
"(33.97, -118.1) (33.94, -118.13)",50,6:53:23,Tue
"(33.97, -118.11) (33.99, -118.08)",1,9:26:28,Thu
"(33.97, -118.16) (34.02, -118.08)",1,7:29:35,Thu
"(33.97, -118.17) (33.87, -118.21)",1,7:53:54,Fri
"(33.97, -118.21) (34.09, -118.09)",7,8:01:26,Mon
"(33.97, -118.21) (34.12, -118.18)",13,7:52:15,Tue
"(33.97, -118.22) (33.91, -118.1)",1,9:08:46,Mon
"(33.97, -118.22) (33.92, -118.28)",5,8:25:49,Tue
"(33.97, -118.22) (33.99, -118.27)",5,7:50:00,Fri
"(33.97, -118.24) (33.88, -118.13)",30,7:45:00,Wed
"(33.97, -118.24) (33.91, -118.38)",64,8:58:50,Tue
"(33.97, -118.24) (34.1, -118.33)",1,9:30:00,Sun
"(33.97, -118.25) (33.94, -118.18)",39,8:13:49,Tue
"(33.97, -118.25) (34.09, -118.33)",1,7:50:09,Wed
"(33.97, -118.26) (33.85, -118.25)",34,8:12:42,Tue
"(33.97, -118.26) (33.92, -118.25)",70,7:30:00,Thu
"(33.97, -118.26) (34.02, -118.26)",4,8:46:00,Thu
"(33.97, -118.26) (34.03, -118.12)",96,7:00:00,Wed
"(33.97, -118.26) (34.04, -118.29)",63,7:35:00,Wed
"(33.97, -118.26) (34.06, -118.17)",2,8:11:30,Tue
"(33.97, -118.26) (34.09, -118.11)",71,7:32:32,Fri
"(33.97, -118.26) (34.09, -118.13)",1,8:37:44,Wed
"(33.97, -118.26) (34.17, -118.15)",28,7:30:00,Wed
"(33.97, -118.27) (34.08, -118.3)",17,7:35:00,Wed
"(33.97, -118.28) (33.91, -118.38)",15,8:56:33,Thu
"(33.97, -118.28) (33.93, -118.25)",37,7:48:05,Tue
"(33.97, -118.28) (34.02, -118.26)",12,8:54:48,Mon
"(33.97, -118.28) (34.05, -118.27)",30,7:44:00,Mon
"(33.97, -118.29) (33.78, -118.19)",4,7:35:00,Thu
"(33.97, -118.29) (33.93, -118.25)",4,7:48:05,Tue
"(33.97, -118.29) (33.94, -118.23)",1,7:30:00,Thu
"(33.97, -118.29) (33.94, -118.24)",119,7:30:06,Mon
"(33.97, -118.29) (33.99, -118.27)",65,7:40:00,Thu
"(33.97, -118.29) (34.01, -118.49)",168,8:08:18,Mon
"(33.97, -118.29) (34.02, -118.26)",24,9:00:28,Wed
"(33.97, -118.29) (34.06, -118.24)",1,9:07:27,Mon
"(33.97, -118.3) (33.92, -118.25)",33,7:45:00,Fri
"(33.97, -118.3) (33.93, -118.31)",83,7:32:14,Thu
"(33.97, -118.3) (33.99, -118.33)",6,7:47:42,Mon
"(33.97, -118.32) (33.78, -118.19)",1,8:43:35,Sat
"(33.97, -118.32) (33.79, -118.22)",12,8:00:00,Tue
"(33.97, -118.32) (33.94, -118.27)",1,7:49:24,Thu
"(33.97, -118.32) (34.01, -118.49)",11,7:38:41,Wed
"(33.97, -118.32) (34.02, -118.35)",14,7:45:00,Fri
"(33.97, -118.32) (34.03, -118.34)",1,8:21:48,Thu
"(33.97, -118.32) (34.06, -118.17)",2,8:43:35,Thu
"(33.97, -118.32) (34.07, -117.79)",65,7:34:35,Mon
"(33.97, -118.32) (34.15, -118.33)",1,8:40:30,Sat
"(33.97, -118.32) (34.56, -118.01)",13,7:19:53,Wed
"(33.97, -118.33) (33.88, -118.3)",49,7:45:00,Fri
"(33.97, -118.33) (33.97, -118.32)",21,7:40:00,Mon
"(33.97, -118.33) (33.97, -118.36)",4,7:58:27,Mon
"(33.97, -118.33) (34.01, -118.49)",4,7:45:00,Fri
"(33.97, -118.35) (34.02, -118.26)",2,8:59:20,Tue
"(33.97, -118.35) (34.03, -118.26)",1,9:29:09,Fri
"(33.97, -118.35) (34.06, -118.17)",1,8:49:24,Wed
"(33.97, -118.37) (33.94, -118.23)",41,7:40:00,Fri
"(33.97, -118.37) (34.01, -118.26)",1,8:08:01,Thu
"(33.97, -118.37) (34.02, -118.26)",11,9:03:20,Tue
"(33.98, -117.37) (33.98, -117.35)",63,7:45:57,Wed
"(33.98, -117.57) (33.87, -117.59)",167,7:32:10,Thu
"(33.98, -117.88) (34.06, -117.95)",126,7:25:35,Tue
"(33.98, -117.94) (34.06, -117.91)",5,7:37:18,Wed
"(33.98, -117.94) (34.06, -117.95)",3,7:50:00,Fri
"(33.98, -118.04) (33.86, -118.07)",22,7:30:00,Mon
"(33.98, -118.04) (34.03, -118.26)",76,7:40:25,Wed
"(33.98, -118.04) (34.12, -118.18)",14,7:55:00,Thu
"(33.98, -118.05) (33.9, -118.13)",15,7:55:00,Fri
"(33.98, -118.07) (33.9, -118.13)",106,7:56:44,Fri
"(33.98, -118.08) (33.87, -118.18)",22,8:59:24,Mon
"(33.98, -118.08) (33.87, -118.19)",24,7:40:00,Tue
"(33.98, -118.08) (33.9, -118.13)",88,7:50:58,Tue
"(33.98, -118.08) (33.98, -118.07)",26,7:50:32,Thu
"(33.98, -118.08) (34.04, -118.21)",3,8:01:07,Wed
"(33.98, -118.08) (34.05, -118.23)",3,7:45:00,Wed
"(33.98, -118.09) (34.12, -118.18)",136,7:45:31,Thu
"(33.98, -118.1) (34.15, -118.16)",4,7:50:00,Wed
"(33.98, -118.16) (33.83, -118.3)",34,7:50:00,Wed
"(33.98, -118.2) (33.77, -118.3)",1,7:43:06,Tue
"(33.98, -118.2) (33.99, -118.26)",101,7:41:56,Wed
"(33.98, -118.2) (34.06, -118.06)",26,7:45:00,Wed
"(33.98, -118.2) (34.08, -118)",25,7:35:00,Thu
"(33.98, -118.2) (34.18, -118.42)",12,7:50:00,Fri
"(33.98, -118.22) (33.89, -118.15)",1,7:18:41,Thu
"(33.98, -118.22) (34.09, -118.09)",32,7:52:40,Mon
"(33.98, -118.22) (34.12, -118.18)",116,7:50:35,Mon
"(33.98, -118.23) (33.95, -118.39)",1,8:59:31,Sat
"(33.98, -118.23) (33.99, -118.31)",11,7:36:38,Fri
"(33.98, -118.27) (33.84, -118.32)",22,7:35:00,Mon
"(33.98, -118.27) (33.98, -118.23)",149,7:03:17,Tue
"(33.98, -118.27) (34, -118.31)",17,7:34:28,Mon
"(33.98, -118.27) (34.05, -118.16)",92,8:00:04,Wed
"(33.98, -118.27) (34.09, -118.14)",20,7:32:44,Thu
"(33.98, -118.28) (33.86, -118.2)",14,8:30:00,Wed
"(33.98, -118.28) (34.02, -118.26)",1,9:00:00,Mon
"(33.98, -118.29) (34.02, -118.26)",8,8:52:33,Wed
"(33.98, -118.29) (34.1, -118.33)",1,9:30:00,Sun
"(33.98, -118.3) (33.94, -118.24)",49,7:32:01,Wed
"(33.98, -118.3) (34, -118.3)",2,7:25:00,Mon
"(33.98, -118.31) (33.87, -118.19)",18,7:40:00,Fri
"(33.98, -118.31) (33.93, -118.34)",142,7:46:21,Wed
"(33.98, -118.31) (33.99, -118.29)",10,7:50:00,Tue
"(33.98, -118.31) (34, -118.31)",7,7:26:25,Thu
"(33.98, -118.32) (33.93, -118.37)",2,8:54:57,Wed
"(33.98, -118.33) (33.92, -118.38)",4,8:20:00,Mon
"(33.98, -118.33) (34.02, -118.26)",1,8:58:51,Wed
"(33.98, -118.33) (34.07, -118.3)",1,8:19:18,Fri
"(33.98, -118.34) (33.91, -118.38)",2,9:03:37,Wed
"(33.98, -118.34) (34.07, -118.44)",1,8:23:01,Wed
"(33.98, -118.35) (33.82, -118.27)",70,7:33:56,Mon
"(33.98, -118.35) (33.82, -118.28)",15,7:43:08,Tue
"(33.98, -118.35) (34.05, -118.22)",5,7:50:00,Thu
"(33.98, -118.35) (34.13, -118.21)",3,8:20:00,Fri
"(33.98, -118.36) (33.88, -118.29)",8,8:00:00,Mon
"(33.98, -118.36) (33.99, -118.43)",10,7:45:00,Wed
"(33.98, -118.36) (34.01, -118.33)",33,7:40:00,Mon
"(33.98, -118.36) (34.06, -118.26)",9,7:34:09,Thu
"(33.98, -118.37) (33.88, -118.3)",37,7:22:56,Thu
"(33.98, -118.37) (33.91, -118.38)",35,8:55:27,Mon
"(33.98, -118.37) (34.04, -118.26)",7,8:58:23,Fri
"(33.98, -118.38) (34.06, -118.29)",149,7:16:56,Fri
"(33.98, -118.39) (34.03, -118.41)",1,8:48:55,Thu
"(33.98, -118.4) (33.9, -118.38)",6,8:17:53,Thu
"(33.98, -118.46) (33.83, -118.29)",1,8:47:40,Fri
"(33.98, -118.46) (34.06, -118.17)",1,7:50:01,Thu
"(33.98, -118.46) (34.06, -118.21)",2,8:59:54,Thu
"(33.99, -117.43) (34.01, -117.97)",1,6:57:23,Tue
"(33.99, -117.91) (33.93, -118.36)",3,7:35:00,Wed
"(33.99, -117.91) (33.94, -118.36)",46,7:35:00,Fri
"(33.99, -117.93) (34.08, -117.73)",70,7:45:00,Tue
"(33.99, -117.93) (34.1, -117.74)",29,7:45:00,Mon
"(33.99, -118.05) (34.09, -117.82)",55,7:43:04,Mon
"(33.99, -118.07) (34.03, -118.19)",27,7:30:00,Mon
"(33.99, -118.09) (34.15, -118.16)",7,7:50:00,Fri
"(33.99, -118.18) (33.78, -118.19)",10,7:35:00,Thu
"(33.99, -118.19) (33.92, -118.12)",4,7:35:12,Thu
"(33.99, -118.19) (33.94, -118.14)",5,7:34:34,Wed
"(33.99, -118.19) (34.02, -118.26)",17,8:52:23,Wed
"(33.99, -118.2) (34.02, -118.26)",19,8:40:54,Mon
"(33.99, -118.23) (34.01, -118.39)",1,8:55:59,Fri
"(33.99, -118.25) (34.03, -118.19)",7,7:35:00,Fri
"(33.99, -118.26) (34.08, -118.26)",22,7:45:00,Wed
"(33.99, -118.27) (33.98, -118.33)",85,7:23:00,Wed
"(33.99, -118.27) (34.09, -118.09)",1,7:56:47,Thu
"(33.99, -118.28) (33.92, -118.18)",55,7:44:54,Thu
"(33.99, -118.28) (34.02, -118.26)",6,8:46:15,Fri
"(33.99, -118.28) (34.15, -118.09)",24,9:30:00,Wed
"(33.99, -118.29) (33.99, -118.33)",34,7:20:00,Wed
"(33.99, -118.29) (34.01, -118.39)",1,8:55:00,Fri
"(33.99, -118.29) (34.02, -118.26)",3,8:46:51,Thu
"(33.99, -118.3) (34.09, -118.29)",15,8:47:29,Mon
"(33.99, -118.31) (34.02, -118.26)",14,8:52:42,Thu
"(33.99, -118.32) (33.99, -118.45)",12,8:50:00,Wed
"(33.99, -118.32) (34.16, -118.11)",76,7:02:11,Thu
"(33.99, -118.33) (33.73, -118.3)",2,7:30:00,Thu
"(33.99, -118.33) (33.79, -118.19)",7,8:15:00,Wed
"(33.99, -118.33) (33.87, -118.29)",1,7:45:00,Thu
"(33.99, -118.33) (33.94, -118.09)",1,7:52:43,Tue
"(33.99, -118.33) (33.94, -118.3)",5,7:52:06,Mon
"(33.99, -118.33) (33.94, -118.33)",14,8:00:00,Thu
"(33.99, -118.33) (33.95, -118.05)",30,7:46:05,Tue
"(33.99, -118.33) (33.99, -118.29)",16,7:28:42,Tue
"(33.99, -118.33) (34.01, -118.49)",2,7:44:31,Thu
"(33.99, -118.33) (34.03, -118.25)",1,7:45:00,Mon
"(33.99, -118.33) (34.07, -117.79)",5,7:45:00,Tue
"(33.99, -118.33) (34.09, -118.29)",21,7:45:00,Thu
"(33.99, -118.33) (34.1, -117.73)",2,7:50:00,Tue
"(33.99, -118.33) (34.1, -117.79)",1,8:33:34,Fri
"(33.99, -118.34) (33.81, -118.15)",1,9:29:13,Tue
"(33.99, -118.34) (33.83, -118.1)",1,8:45:00,Tue
"(33.99, -118.34) (33.89, -118.18)",17,7:45:00,Fri
"(33.99, -118.34) (34.02, -118.26)",31,8:55:49,Wed
"(33.99, -118.34) (34.04, -118.21)",2,8:00:00,Fri
"(33.99, -118.34) (34.06, -118.26)",1,7:50:00,Thu
"(33.99, -118.34) (34.22, -118.45)",16,8:49:44,Mon
"(33.99, -118.34) (34.22, -118.53)",26,7:30:00,Mon
"(33.99, -118.34) (34.24, -118.59)",12,7:40:00,Mon
"(33.99, -118.36) (34.06, -118.26)",7,7:44:57,Thu
"(33.99, -118.37) (33.83, -118.2)",4,8:40:00,Tue
"(34, -118.11) (34.08, -118.3)",26,7:30:00,Mon
"(34, -118.25) (33.99, -118.32)",66,7:30:00,Wed
"(34, -118.26) (33.91, -118.38)",1,9:06:57,Thu
"(34, -118.26) (33.99, -118.32)",82,7:34:02,Tue
"(34, -118.26) (34.01, -117.91)",16,7:45:00,Wed
"(34, -118.26) (34.05, -118.02)",73,7:15:09,Tue
"(34, -118.26) (34.06, -118.02)",69,7:37:27,Wed
"(34, -118.27) (34.13, -118.14)",25,9:30:00,Mon
"(34, -118.28) (33.76, -118.36)",47,7:45:09,Tue
"(34, -118.28) (33.88, -117.89)",10,8:25:54,Sat
"(34, -118.28) (33.9, -118.35)",32,7:50:00,Mon
"(34, -118.28) (33.96, -118.42)",2,8:28:04,Sun
"(34, -118.28) (34.01, -118.34)",1,9:16:55,Mon
"(34, -118.28) (34.03, -118.27)",1,9:11:32,Thu
"(34, -118.29) (33.79, -118.16)",2,8:20:24,Mon
"(34, -118.29) (33.91, -118.38)",10,9:07:28,Tue
"(34, -118.29) (33.92, -117.91)",1,8:25:38,Sat
"(34, -118.29) (33.98, -117.9)",172,7:35:00,Mon
"(34, -118.29) (34.02, -118.26)",1,9:04:42,Wed
"(34, -118.29) (34.21, -118.4)",21,7:35:00,Fri
"(34, -118.29) (34.22, -118.4)",15,7:45:00,Tue
"(34, -118.3) (33.83, -118.22)",6,7:45:00,Thu
"(34, -118.3) (34, -118.3)",1,7:25:00,Mon
"(34, -118.32) (33.93, -118.2)",23,8:14:13,Fri
"(34, -118.32) (34.05, -118.56)",2,9:27:16,Tue
"(34, -118.32) (34.09, -118.47)",1,9:26:45,Wed
"(34, -118.33) (33.86, -118.31)",58,7:48:21,Fri
"(34, -118.33) (33.9, -118.37)",18,7:45:00,Wed
"(34, -118.33) (33.98, -118.29)",1,7:55:49,Sat
"(34, -118.33) (33.99, -118.42)",1,8:29:35,Tue
"(34, -118.33) (34.02, -118.26)",12,8:52:44,Mon
"(34, -118.33) (34.04, -118.18)",2,8:23:50,Sat
"(34, -118.33) (34.59, -118.18)",14,7:54:57,Tue
"(34, -118.41) (34.01, -118.33)",4,7:45:00,Thu
"(34, -118.41) (34.09, -118.33)",1,7:54:50,Wed
"(34, -118.44) (34.07, -118.44)",1,8:13:20,Wed
"(34, -118.44) (34.13, -118.21)",1,8:51:45,Sat
"(34.01, -117.87) (33.97, -118.28)",2,7:17:05,Fri
"(34.01, -117.89) (33.93, -118.04)",1,8:04:36,Mon
"(34.01, -117.89) (33.94, -118.02)",69,8:07:04,Tue
"(34.01, -117.89) (34.04, -117.96)",5,7:29:32,Thu
"(34.01, -117.93) (34.1, -117.91)",103,6:47:43,Thu
"(34.01, -117.97) (33.92, -118.28)",34,9:03:52,Tue
"(34.01, -117.97) (33.98, -118.23)",1,8:30:27,Sat
"(34.01, -117.97) (33.99, -117.92)",1,8:14:20,Fri
"(34.01, -118.07) (34.07, -117.79)",121,7:42:26,Mon
"(34.01, -118.1) (34.03, -118.12)",1,7:52:30,Sat
"(34.01, -118.13) (33.97, -118.16)",4,6:45:00,Fri
"(34.01, -118.13) (34.02, -118.28)",17,7:43:44,Wed
"(34.01, -118.14) (34.04, -118.17)",60,7:44:59,Fri
"(34.01, -118.24) (33.98, -118.23)",152,7:44:09,Thu
"(34.01, -118.25) (33.88, -118.07)",43,7:30:00,Mon
"(34.01, -118.25) (33.91, -118.38)",11,8:46:53,Mon
"(34.01, -118.25) (34.02, -118.26)",12,8:36:52,Fri
"(34.01, -118.26) (33.89, -118.21)",1,8:24:12,Sat
"(34.01, -118.26) (34.06, -118.26)",156,7:34:12,Mon
"(34.01, -118.27) (33.76, -118.36)",63,7:52:49,Tue
"(34.01, -118.27) (34.03, -118.26)",33,7:43:41,Thu
"(34.01, -118.27) (34.09, -118.09)",1,7:48:31,Tue
"(34.01, -118.28) (33.9, -118.35)",1,7:50:00,Wed
"(34.01, -118.29) (33.98, -118.27)",89,7:26:49,Tue
"(34.01, -118.29) (34.07, -118.32)",1,8:22:37,Fri
"(34.01, -118.29) (34.13, -118.21)",1,8:25:18,Sat
"(34.01, -118.3) (33.86, -118.15)",70,8:45:00,Wed
"(34.01, -118.3) (34, -118.3)",1,7:45:00,Mon
"(34.01, -118.31) (33.79, -118.19)",37,8:07:13,Mon
"(34.01, -118.31) (33.89, -118.18)",51,7:50:00,Tue
"(34.01, -118.31) (33.92, -118.25)",5,9:17:38,Sat
"(34.01, -118.31) (33.93, -118.2)",77,7:54:46,Tue
"(34.01, -118.31) (34, -118.33)",21,7:50:00,Mon
"(34.01, -118.32) (33.85, -118.08)",29,7:49:39,Thu
"(34.01, -118.32) (33.89, -118.23)",25,7:40:00,Fri
"(34.01, -118.32) (34.12, -118.25)",1,8:53:08,Sat
"(34.01, -118.34) (33.91, -118.38)",12,8:25:00,Wed
"(34.01, -118.34) (34.02, -118.26)",9,9:22:46,Wed
"(34.01, -118.35) (34.03, -118.39)",2,8:03:05,Thu
"(34.01, -118.35) (34.06, -118.3)",1,8:28:41,Fri
"(34.02, -117.8) (34.02, -117.77)",8,8:50:00,Wed
"(34.02, -117.85) (34.03, -117.94)",31,6:36:00,Wed
"(34.02, -117.85) (34.05, -117.91)",2,7:55:00,Thu
"(34.02, -117.85) (34.09, -117.92)",82,7:37:59,Tue
"(34.02, -117.91) (33.78, -118.16)",2,8:22:04,Fri
"(34.02, -117.91) (34.01, -117.98)",39,7:42:42,Fri
"(34.02, -117.92) (34.02, -118.26)",9,8:43:30,Wed
"(34.02, -117.95) (33.97, -117.9)",77,7:33:19,Tue
"(34.02, -117.95) (34.05, -118.21)",1,7:15:00,Mon
"(34.02, -118.08) (33.97, -118.16)",11,7:00:00,Mon
"(34.02, -118.08) (33.97, -118.18)",20,7:25:00,Fri
"(34.02, -118.08) (34.28, -118.42)",32,7:36:55,Wed
"(34.02, -118.18) (34.03, -118.21)",1,7:20:19,Wed
"(34.02, -118.19) (34.04, -118.17)",172,7:42:38,Thu
"(34.02, -118.19) (34.08, -118)",22,7:45:00,Wed
"(34.02, -118.19) (34.09, -118.02)",22,7:34:00,Mon
"(34.02, -118.2) (33.97, -118.35)",104,7:26:08,Mon
"(34.02, -118.21) (33.94, -118.26)",56,7:35:00,Mon
"(34.02, -118.25) (33.77, -118.2)",136,8:45:39,Fri
"(34.02, -118.25) (34.04, -118.21)",45,7:29:00,Tue
"(34.02, -118.25) (34.04, -118.22)",2,7:50:00,Wed
"(34.02, -118.26) (33.91, -118.38)",2,7:36:25,Fri
"(34.02, -118.28) (33.92, -118.43)",1,8:21:45,Sat
"(34.02, -118.28) (33.97, -118.42)",1,8:57:07,Sat
"(34.02, -118.28) (34.05, -118.26)",1,9:10:35,Sat
"(34.02, -118.29) (34.05, -118.26)",1,9:28:04,Sat
"(34.02, -118.3) (34.13, -118.21)",1,8:41:10,Sat
"(34.02, -118.31) (33.84, -118.13)",29,8:40:00,Mon
"(34.02, -118.32) (33.9, -118.36)",2,7:52:49,Thu
"(34.02, -118.32) (33.92, -118.16)",48,7:45:00,Fri
"(34.02, -118.32) (33.95, -118.36)",1,7:45:11,Mon
"(34.02, -118.32) (33.96, -118.43)",11,7:34:06,Tue
"(34.02, -118.32) (34.02, -118.26)",73,8:48:37,Mon
"(34.02, -118.32) (34.04, -118.21)",22,7:40:00,Fri
"(34.02, -118.32) (34.07, -118.28)",51,7:47:33,Wed
"(34.02, -118.33) (33.8, -118.31)",5,7:45:00,Fri
"(34.02, -118.34) (34.02, -118.26)",15,8:52:09,Wed
"(34.02, -118.34) (34.06, -118.17)",91,7:12:46,Thu
"(34.02, -118.35) (34.06, -118.26)",46,7:33:25,Fri
"(34.02, -118.35) (34.06, -118.3)",78,7:38:24,Tue
"(34.02, -118.35) (34.12, -118.25)",1,8:54:51,Sat
"(34.02, -118.43) (33.98, -118.36)",1,8:46:58,Sat
"(34.02, -118.43) (34.05, -118.26)",1,9:18:35,Sat
"(34.03, -117.62) (34.02, -117.57)",12,8:12:16,Fri
"(34.03, -117.62) (34.07, -118.19)",90,7:09:42,Wed
"(34.03, -117.74) (34.1, -117.83)",88,8:45:00,Thu
"(34.03, -117.78) (34.11, -117.77)",142,7:20:18,Fri
"(34.03, -117.92) (33.95, -118.2)",7,7:15:00,Fri
"(34.03, -117.93) (34.06, -117.93)",1,7:30:49,Fri
"(34.03, -117.96) (34.13, -117.9)",106,7:41:48,Wed
"(34.03, -118.03) (34.02, -118.25)",78,7:44:15,Tue
"(34.03, -118.03) (34.07, -118.38)",16,7:47:39,Tue
"(34.03, -118.12) (34.04, -118.31)",19,7:50:00,Thu
"(34.03, -118.19) (34, -118.29)",42,7:32:29,Wed
"(34.03, -118.19) (34.05, -118.31)",3,7:40:00,Tue
"(34.03, -118.19) (34.09, -118.17)",30,7:45:00,Wed
"(34.03, -118.2) (33.91, -118.38)",3,8:50:00,Wed
"(34.03, -118.2) (33.92, -118.25)",10,9:25:18,Sat
"(34.03, -118.2) (34.02, -118.26)",30,8:52:00,Tue
"(34.03, -118.2) (34.14, -118.08)",5,7:35:00,Thu
"(34.03, -118.2) (34.22, -118.4)",4,7:24:57,Sat
"(34.03, -118.21) (33.97, -118.35)",82,7:35:10,Mon
"(34.03, -118.26) (34.02, -118.26)",1,8:53:39,Wed
"(34.03, -118.3) (34.07, -118.22)",1,7:31:26,Tue
"(34.03, -118.32) (33.86, -118.13)",18,7:20:00,Tue
"(34.03, -118.32) (34.02, -118.26)",9,8:44:44,Wed
"(34.03, -118.32) (34.02, -118.29)",1,9:14:55,Wed
"(34.03, -118.32) (34.06, -118.26)",86,8:57:55,Wed
"(34.03, -118.32) (34.06, -118.44)",1,8:29:33,Sat
"(34.03, -118.32) (34.1, -117.71)",1,8:24:55,Sun
"(34.03, -118.33) (33.77, -118.2)",1,9:29:47,Sat
"(34.03, -118.34) (33.89, -118.18)",11,7:45:00,Fri
"(34.03, -118.34) (33.94, -118.3)",11,7:45:00,Thu
"(34.03, -118.34) (34.05, -118.11)",4,7:44:53,Mon
"(34.03, -118.35) (33.91, -118.38)",5,8:53:35,Fri
"(34.03, -118.35) (33.96, -118.29)",111,7:11:22,Fri
"(34.03, -118.37) (34.06, -118.17)",1,8:01:00,Wed
"(34.03, -118.41) (33.79, -118.22)",1,7:30:37,Thu
"(34.03, -118.41) (33.91, -118.38)",45,8:57:10,Tue
"(34.03, -118.41) (33.92, -118.23)",2,8:10:13,Wed
"(34.03, -118.41) (33.92, -118.25)",1,8:37:38,Sat
"(34.03, -118.41) (33.93, -118.19)",20,7:40:00,Mon
"(34.03, -118.41) (34.01, -117.86)",11,8:40:48,Fri
"(34.03, -118.41) (34.09, -118.32)",19,7:46:11,Wed
"(34.03, -118.41) (34.15, -118.09)",12,9:30:00,Fri
"(34.03, -118.41) (34.21, -118.46)",11,7:32:13,Tue
"(34.03, -118.49) (34.19, -118.6)",1,8:27:37,Mon
"(34.03, -118.5) (34.05, -118.56)",2,8:57:06,Tue
"(34.03, -118.5) (34.05, -118.57)",1,9:00:06,Thu
"(34.03, -118.5) (34.09, -118.47)",2,8:49:44,Wed
"(34.04, -117.64) (34.06, -117.91)",91,7:34:00,Tue
"(34.04, -117.64) (34.06, -117.95)",94,7:37:13,Mon
"(34.04, -117.91) (34.07, -118.22)",22,7:35:07,Wed
"(34.04, -117.93) (34.01, -117.97)",49,7:40:00,Mon
"(34.04, -117.95) (33.97, -118.07)",75,7:45:00,Thu
"(34.04, -117.95) (34.06, -118.3)",1,8:05:00,Wed
"(34.04, -117.95) (34.08, -118.04)",15,7:20:00,Thu
"(34.04, -117.96) (33.95, -118)",107,7:22:37,Tue
"(34.04, -117.96) (33.98, -118.09)",61,7:13:43,Wed
"(34.04, -117.96) (34, -118.26)",1,7:59:11,Wed
"(34.04, -117.96) (34.06, -117.91)",40,7:50:08,Wed
"(34.04, -117.97) (34, -118.26)",23,7:35:00,Mon
"(34.04, -117.97) (34.06, -118.06)",28,7:25:00,Fri
"(34.04, -118.19) (34.05, -118.56)",2,9:09:34,Wed
"(34.04, -118.19) (34.05, -118.57)",1,9:05:58,Thu
"(34.04, -118.19) (34.16, -118.04)",14,7:30:00,Wed
"(34.04, -118.21) (33.89, -118.15)",26,7:45:00,Mon
"(34.04, -118.21) (34.14, -118.14)",62,8:25:00,Tue
"(34.04, -118.21) (34.27, -118.45)",61,7:34:38,Fri
"(34.04, -118.27) (34.02, -118.42)",6,7:40:00,Tue
"(34.04, -118.28) (34.07, -118.44)",1,8:35:00,Wed
"(34.04, -118.29) (34.12, -118.25)",8,8:54:40,Sat
"(34.04, -118.31) (33.98, -118.2)",97,7:20:19,Fri
"(34.04, -118.39) (34.06, -118.33)",18,8:20:00,Tue
"(34.04, -118.41) (34.02, -118.42)",182,8:29:44,Wed
"(34.05, -117.65) (33.89, -118.12)",1,9:11:10,Tue
"(34.05, -117.65) (33.91, -118.38)",3,8:41:06,Mon
"(34.05, -117.7) (34.17, -118.16)",50,8:25:00,Mon
"(34.05, -117.77) (34.14, -118.15)",1,8:51:20,Fri
"(34.05, -117.82) (34.15, -118.16)",24,8:20:00,Tue
"(34.05, -117.85) (34.01, -117.89)",19,7:38:00,Wed
"(34.05, -117.85) (34.04, -118.22)",3,7:50:00,Thu
"(34.05, -117.85) (34.07, -117.7)",8,7:55:00,Tue
"(34.05, -117.88) (33.78, -118.14)",42,8:10:43,Fri
"(34.05, -117.88) (33.87, -118.3)",2,7:35:00,Tue
"(34.05, -117.88) (34.08, -117.66)",34,7:41:45,Wed
"(34.05, -117.88) (34.08, -117.7)",51,7:52:00,Thu
"(34.05, -117.92) (34.08, -118.26)",42,7:50:00,Mon
"(34.05, -117.93) (34.03, -118.16)",40,7:45:00,Mon
"(34.05, -117.96) (33.83, -118.26)",2,8:18:19,Sun
"(34.05, -117.96) (34.06, -118.02)",3,7:50:00,Tue
"(34.05, -117.98) (33.82, -118.12)",2,8:32:41,Tue
"(34.05, -117.98) (34.06, -118.08)",78,7:10:00,Tue
"(34.05, -117.98) (34.12, -117.72)",1,7:50:00,Mon
"(34.05, -117.98) (34.12, -117.75)",75,7:50:00,Thu
"(34.05, -118.04) (34.09, -118.11)",17,7:40:32,Thu
"(34.05, -118.1) (33.79, -118.22)",14,7:33:43,Fri
"(34.05, -118.1) (33.82, -118.28)",10,7:27:44,Mon
"(34.05, -118.1) (33.85, -118.2)",18,8:41:26,Thu
"(34.05, -118.1) (33.88, -118.24)",4,7:50:00,Tue
"(34.05, -118.1) (33.91, -118.35)",5,8:08:38,Tue
"(34.05, -118.1) (33.92, -118.31)",18,7:23:43,Wed
"(34.05, -118.1) (33.94, -118.09)",11,9:24:46,Mon
"(34.05, -118.1) (33.95, -118.05)",64,7:27:16,Wed
"(34.05, -118.1) (34, -117.96)",43,7:43:26,Fri
"(34.05, -118.1) (34.02, -118.26)",1,8:56:24,Wed
"(34.05, -118.1) (34.03, -117.94)",5,9:00:00,Mon
"(34.05, -118.1) (34.03, -118.39)",7,7:47:41,Fri
"(34.05, -118.1) (34.04, -118.13)",1,8:09:09,Sat
"(34.05, -118.1) (34.04, -118.18)",20,7:48:07,Mon
"(34.05, -118.1) (34.07, -118.15)",19,7:50:00,Tue
"(34.05, -118.1) (34.08, -118.22)",10,7:25:13,Tue
"(34.05, -118.1) (34.08, -118)",19,7:40:35,Wed
"(34.05, -118.1) (34.09, -118.09)",23,7:57:24,Tue
"(34.05, -118.1) (34.09, -118.14)",39,8:20:32,Fri
"(34.05, -118.1) (34.12, -117.81)",52,7:45:00,Tue
"(34.05, -118.1) (34.15, -118.08)",31,8:50:52,Mon
"(34.05, -118.1) (34.16, -118.11)",21,7:43:48,Wed
"(34.05, -118.1) (34.18, -118.41)",68,7:42:10,Mon
"(34.05, -118.1) (34.2, -118.15)",1,8:30:00,Thu
"(34.05, -118.1) (34.44, -118.56)",27,7:45:00,Thu
"(34.05, -118.19) (34.04, -118.19)",82,7:22:37,Mon
"(34.05, -118.2) (33.95, -118.2)",12,7:11:07,Mon
"(34.05, -118.2) (33.96, -118.21)",12,8:50:00,Mon
"(34.05, -118.21) (33.93, -118.05)",1,8:00:00,Mon
"(34.05, -118.23) (33.98, -118.33)",9,7:44:59,Thu
"(34.05, -118.23) (34.09, -118.36)",98,7:03:00,Thu
"(34.05, -118.27) (34.03, -118.28)",8,7:35:00,Tue
"(34.05, -118.27) (34.06, -118.21)",1,8:43:13,Wed
"(34.05, -118.27) (34.06, -118.3)",1,8:58:42,Tue
"(34.05, -118.28) (33.98, -118.19)",1,6:49:57,Fri
"(34.05, -118.28) (34.06, -118.26)",17,7:44:48,Fri
"(34.05, -118.28) (34.07, -118.06)",19,7:40:00,Wed
"(34.05, -118.29) (34.02, -118.26)",96,8:51:49,Thu
"(34.05, -118.29) (34.06, -118.26)",150,7:45:56,Mon
"(34.05, -118.29) (34.07, -118.28)",37,7:52:22,Thu
"(34.05, -118.32) (33.91, -118.38)",10,8:50:00,Tue
"(34.05, -118.32) (34.02, -118.26)",16,8:50:00,Fri
"(34.05, -118.32) (34.06, -118.03)",69,7:35:00,Fri
"(34.05, -118.33) (34.03, -118.39)",12,7:25:20,Thu
"(34.05, -118.34) (34.06, -118.34)",82,7:48:39,Mon
"(34.05, -118.34) (34.1, -118.34)",1,7:24:45,Thu
"(34.05, -118.35) (33.98, -118.33)",20,7:22:44,Thu
"(34.05, -118.44) (34.04, -118.46)",70,7:24:48,Wed
"(34.05, -118.44) (34.18, -118.65)",9,7:30:00,Thu
"(34.05, -118) (34.06, -118.25)",1,7:09:57,Wed
"(34.06, -117.55) (34.12, -117.87)",8,7:50:59,Wed
"(34.06, -117.65) (34.06, -117.91)",5,7:20:00,Tue
"(34.06, -117.69) (34.09, -117.65)",1,7:25:54,Mon
"(34.06, -117.69) (34.09, -118.09)",6,8:05:35,Wed
"(34.06, -117.73) (34.08, -117.74)",17,7:25:00,Fri
"(34.06, -117.73) (34.09, -117.74)",24,7:55:00,Mon
"(34.06, -117.73) (34.11, -117.77)",29,7:30:00,Wed
"(34.06, -117.77) (34.08, -118)",2,7:00:54,Tue
"(34.06, -117.77) (34.09, -118.02)",1,6:49:51,Fri
"(34.06, -117.79) (34.03, -117.96)",41,7:50:00,Fri
"(34.06, -117.8) (34.08, -118)",20,7:38:16,Wed
"(34.06, -117.89) (34.05, -117.91)",12,8:38:41,Fri
"(34.06, -117.93) (34.03, -118.16)",33,7:45:00,Tue
"(34.06, -117.95) (34.02, -118.26)",18,8:53:45,Thu
"(34.06, -117.97) (33.97, -118.22)",25,7:45:00,Fri
"(34.06, -117.97) (34.08, -118)",46,7:33:01,Mon
"(34.06, -118.06) (34.08, -118)",1,7:54:03,Fri
"(34.06, -118.19) (33.94, -118.02)",36,8:15:00,Wed
"(34.06, -118.2) (34.14, -118.19)",159,7:42:29,Mon
"(34.06, -118.25) (34.02, -118.42)",18,7:35:00,Fri
"(34.06, -118.26) (33.94, -118.37)",1,7:40:54,Wed
"(34.06, -118.27) (33.91, -118.38)",3,8:50:33,Wed
"(34.06, -118.27) (33.96, -118.29)",79,7:33:35,Tue
"(34.06, -118.27) (34.01, -118.33)",21,7:45:00,Tue
"(34.06, -118.27) (34.16, -118.09)",5,7:20:00,Mon
"(34.06, -118.28) (34.04, -118.18)",1,9:05:00,Wed
"(34.06, -118.28) (34.05, -118.26)",1,9:24:55,Sat
"(34.06, -118.28) (34.06, -118.26)",14,7:40:00,Wed
"(34.06, -118.34) (34.11, -118.25)",22,8:01:06,Tue
"(34.06, -118.35) (34.01, -118.39)",1,8:53:55,Fri
"(34.06, -118.38) (34.01, -118.49)",43,8:00:00,Thu
"(34.07, -117.59) (33.98, -117.9)",52,7:20:00,Tue
"(34.07, -117.66) (34.12, -117.89)",3,7:45:00,Thu
"(34.07, -117.69) (34.06, -117.91)",64,6:32:53,Tue
"(34.07, -117.69) (34.57, -117.94)",7,7:19:44,Fri
"(34.07, -117.73) (33.98, -118.33)",45,7:59:53,Wed
"(34.07, -117.77) (33.79, -118.22)",14,7:56:13,Fri
"(34.07, -117.77) (34.01, -118.29)",25,7:45:00,Wed
"(34.07, -117.79) (34.01, -117.91)",36,7:40:00,Mon
"(34.07, -117.79) (34.1, -117.74)",3,8:45:00,Fri
"(34.07, -117.79) (34.11, -118.32)",46,7:48:00,Tue
"(34.07, -118.08) (34.09, -118.09)",8,7:55:00,Fri
"(34.07, -118.16) (34.06, -118.06)",22,7:37:15,Wed
"(34.07, -118.17) (34.04, -118.05)",11,7:35:00,Wed
"(34.07, -118.17) (34.05, -118.26)",1,9:00:16,Sat
"(34.07, -118.25) (34.12, -118.25)",1,8:57:38,Sat
"(34.07, -118.26) (33.91, -118.38)",7,8:50:24,Wed
"(34.07, -118.27) (34.12, -118.25)",7,8:55:00,Sat
"(34.07, -118.28) (33.86, -118.01)",12,8:20:00,Mon
"(34.07, -118.28) (33.86, -118.31)",3,7:45:54,Fri
"(34.07, -118.28) (33.94, -118.25)",6,7:59:09,Thu
"(34.07, -118.28) (34.02, -118.26)",1,8:52:38,Mon
"(34.07, -118.28) (34.06, -118.24)",18,7:53:09,Wed
"(34.07, -118.28) (34.06, -118.45)",1,9:28:20,Thu
"(34.07, -118.28) (34.09, -118.47)",4,9:26:46,Wed
"(34.07, -118.28) (34.19, -118.53)",26,7:22:21,Mon
"(34.07, -118.3) (33.96, -118.29)",18,7:46:52,Wed
"(34.07, -118.3) (33.98, -118.33)",125,7:41:58,Wed
"(34.07, -118.3) (34.02, -118.26)",8,8:57:00,Tue
"(34.07, -118.3) (34.06, -118.44)",1,9:00:00,Fri
"(34.07, -118.31) (34.05, -118.46)",1,9:24:52,Sat
"(34.07, -118.32) (34.02, -118.42)",86,7:38:56,Fri
"(34.07, -118.44) (34.05, -118.26)",1,8:52:19,Sat
"(34.07, -118.45) (34.02, -118.49)",1,9:18:19,Sat
"(34.07, -118.45) (34.05, -118.26)",3,9:21:29,Sat
"(34.07, -118.45) (34.09, -118.47)",19,9:14:09,Fri
"(34.07, -118) (33.96, -118.36)",1,7:50:00,Fri
"(34.08, -117.35) (33.87, -117.59)",2,7:34:54,Fri
"(34.08, -117.45) (34.07, -117.74)",14,7:40:00,Wed
"(34.08, -117.61) (34.11, -118.12)",40,7:48:42,Fri
"(34.08, -117.64) (33.98, -117.9)",3,7:20:00,Wed
"(34.08, -117.88) (34.06, -117.95)",81,7:37:56,Mon
"(34.08, -117.9) (34.07, -118.19)",96,7:59:19,Mon
"(34.08, -117.94) (33.92, -118.36)",8,7:50:00,Wed
"(34.08, -117.96) (33.92, -118.12)",6,7:50:00,Thu
"(34.08, -117.96) (34.2, -118.61)",55,7:45:00,Mon
"(34.08, -117.98) (34.08, -117.74)",87,7:39:24,Mon
"(34.08, -118.02) (33.98, -118.27)",9,7:45:00,Tue
"(34.08, -118.06) (34.08, -118.08)",19,6:55:31,Thu
"(34.08, -118.06) (34.09, -118.09)",2,7:50:00,Wed
"(34.08, -118.09) (34.12, -118.25)",2,8:56:41,Sat
"(34.08, -118.12) (34.06, -118.17)",1,7:34:49,Tue
"(34.08, -118.12) (34.06, -118.21)",1,7:29:35,Wed
"(34.08, -118.12) (34.09, -118.12)",1,7:50:18,Sat
"(34.08, -118.21) (34.05, -118.2)",111,7:50:36,Wed
"(34.08, -118.26) (34.06, -118.26)",75,7:54:34,Fri
"(34.08, -118.27) (34.06, -118.17)",1,8:19:34,Tue
"(34.08, -118.27) (34.06, -118.26)",107,7:53:21,Mon
"(34.08, -118.27) (34.15, -118.33)",1,8:52:19,Sat
"(34.08, -118.28) (34.06, -118.38)",47,8:48:13,Wed
"(34.08, -118.29) (34.12, -118.25)",1,8:40:34,Sat
"(34.08, -118.29) (34.14, -118.25)",1,8:57:25,Fri
"(34.09, -117.73) (34.09, -118.11)",7,6:54:56,Fri
"(34.09, -117.75) (33.83, -118.26)",1,8:26:51,Sat
"(34.09, -117.82) (33.91, -118.26)",1,9:10:00,Mon
"(34.09, -117.82) (34.02, -118.26)",33,9:08:28,Tue
"(34.09, -117.86) (34.01, -117.91)",19,7:40:00,Tue
"(34.09, -117.87) (34.1, -118.08)",94,8:04:59,Wed
"(34.09, -117.97) (34.09, -118.32)",1,7:45:00,Fri
"(34.09, -117.98) (34.09, -117.97)",65,7:30:00,Thu
"(34.09, -118.03) (34.07, -117.79)",34,7:40:00,Wed
"(34.09, -118.31) (34.12, -118.25)",9,8:59:42,Sat
"(34.1, -117.48) (33.84, -118.12)",39,8:54:22,Mon
"(34.1, -117.73) (33.84, -118.02)",6,8:25:00,Tue
"(34.1, -117.78) (34.1, -117.73)",31,7:45:00,Fri
"(34.1, -117.78) (34.15, -118.08)",6,8:45:00,Wed
"(34.1, -117.79) (33.91, -118.38)",5,8:57:00,Tue
"(34.1, -117.79) (33.99, -118.39)",2,8:45:00,Wed
"(34.1, -117.79) (34.02, -118.35)",9,7:40:00,Fri
"(34.1, -117.79) (34.05, -117.9)",1,7:46:16,Tue
"(34.1, -117.79) (34.07, -117.79)",2,7:20:00,Thu
"(34.1, -117.86) (33.79, -118.19)",1,8:50:00,Wed
"(34.1, -117.86) (33.84, -118.12)",58,7:45:00,Wed
"(34.1, -117.86) (34.1, -118.1)",12,7:45:00,Wed
"(34.1, -117.86) (34.59, -118.18)",28,7:15:00,Mon
"(34.1, -117.96) (34.09, -118.32)",10,7:45:00,Fri
"(34.1, -117.97) (34.03, -118.28)",60,7:35:00,Thu
"(34.1, -117.97) (34.38, -118.54)",16,7:22:55,Wed
"(34.1, -118.08) (34.09, -118.07)",2,7:50:00,Fri
"(34.1, -118.18) (33.94, -118.02)",11,6:51:57,Wed
"(34.1, -118.19) (33.94, -118.02)",69,6:51:57,Mon
"(34.1, -118.31) (34.12, -118.25)",1,8:48:42,Sat
"(34.1, -118.32) (33.99, -118.39)",34,8:45:00,Mon
"(34.1, -118.32) (34, -118.44)",19,7:38:47,Mon
"(34.1, -118.32) (34.16, -118.11)",17,7:46:30,Thu
"(34.1, -118.32) (34.29, -118.42)",32,7:50:22,Tue
"(34.11, -117.76) (34.01, -117.91)",23,7:45:00,Thu
"(34.11, -117.81) (34.02, -117.95)",16,8:05:00,Tue
"(34.11, -117.86) (34.01, -117.79)",73,7:50:12,Mon
"(34.11, -117.86) (34.12, -117.89)",1,7:30:37,Tue
"(34.11, -117.86) (34.13, -117.9)",1,7:31:20,Mon
"(34.11, -117.89) (34.09, -117.91)",15,7:15:00,Thu
"(34.11, -117.89) (34.1, -117.91)",40,7:25:00,Tue
"(34.11, -118.15) (33.99, -118.39)",4,8:48:04,Fri
"(34.11, -118.21) (33.92, -118.14)",14,8:40:44,Tue
"(34.11, -118.21) (34.07, -118.01)",1,8:56:29,Thu
"(34.11, -118.32) (33.91, -118.38)",17,9:00:53,Thu
"(34.12, -117.36) (34.01, -117.91)",6,7:45:00,Thu
"(34.12, -117.71) (34.01, -117.91)",1,7:41:21,Tue
"(34.12, -117.72) (33.98, -118.26)",1,7:45:00,Thu
"(34.12, -117.75) (33.97, -118.26)",44,7:45:00,Mon
"(34.12, -117.75) (33.98, -117.75)",1,6:55:56,Tue
"(34.12, -117.75) (33.98, -118.26)",39,7:45:00,Fri
"(34.12, -117.75) (33.98, -118.28)",48,7:30:00,Tue
"(34.12, -117.75) (33.98, -118.34)",3,7:45:00,Thu
"(34.12, -117.75) (34.01, -117.91)",71,7:42:37,Tue
"(34.12, -117.75) (34.05, -117.9)",1,7:40:36,Fri
"(34.12, -117.75) (34.08, -118.29)",2,8:38:40,Sat
"(34.12, -117.77) (33.94, -118.3)",4,7:43:46,Tue
"(34.12, -117.77) (33.98, -118.04)",27,7:55:00,Thu
"(34.12, -117.77) (34.02, -117.77)",5,8:50:00,Fri
"(34.12, -117.77) (34.04, -118.27)",1,6:38:27,Sat
"(34.12, -117.77) (34.06, -117.88)",27,7:33:25,Mon
"(34.12, -117.77) (34.06, -117.93)",1,7:43:18,Sat
"(34.12, -117.77) (34.06, -118.17)",1,8:09:30,Thu
"(34.12, -117.77) (34.07, -117.79)",13,7:45:00,Wed
"(34.12, -117.77) (34.14, -118.12)",1,8:06:53,Sat
"(34.12, -117.77) (34.15, -118.33)",1,8:45:23,Sat
"(34.12, -117.84) (34.02, -118.26)",19,9:05:34,Thu
"(34.12, -117.88) (33.96, -118.21)",14,7:52:09,Thu
"(34.12, -117.88) (34.04, -117.66)",32,7:15:00,Thu
"(34.12, -117.89) (34.02, -118.31)",49,7:34:34,Mon
"(34.12, -117.89) (34.07, -118.29)",1,7:52:52,Thu
"(34.12, -117.89) (34.08, -118.36)",7,8:02:58,Mon
"(34.12, -118.1) (34.09, -118.13)",15,7:30:00,Wed
"(34.12, -118.18) (33.92, -118.31)",24,7:45:00,Tue
"(34.12, -118.18) (34.02, -118.26)",22,8:45:00,Tue
"(34.12, -118.18) (34.06, -117.74)",155,7:36:02,Tue
"(34.12, -118.23) (34.08, -118.18)",54,7:35:00,Wed
"(34.12, -118.24) (34.07, -117.78)",19,8:41:10,Fri
"(34.12, -118.29) (34, -117.98)",25,7:40:00,Tue
"(34.13, -117.33) (34.03, -118.27)",2,9:02:39,Mon
"(34.13, -117.56) (34.12, -117.87)",107,7:49:09,Wed
"(34.13, -118.04) (34.12, -118.03)",1,8:50:58,Wed
"(34.13, -118.04) (34.14, -118.02)",135,9:15:30,Mon
"(34.13, -118.04) (34.14, -118.05)",1,8:43:13,Fri
"(34.13, -118.05) (34.15, -118.04)",64,7:42:09,Wed
"(34.13, -118.1) (34.09, -118.13)",3,7:30:00,Thu
"(34.13, -118.1) (34.13, -118.04)",12,8:00:00,Thu
"(34.13, -118.11) (34.09, -118.13)",7,7:30:00,Thu
"(34.13, -118.19) (34.05, -117.91)",2,7:21:37,Thu
"(34.13, -118.19) (34.06, -117.91)",48,7:17:36,Thu
"(34.13, -118.22) (34.11, -118.15)",44,7:28:00,Fri
"(34.13, -118.22) (34.12, -118.15)",1,7:20:00,Wed
"(34.13, -118.23) (34.12, -118.08)",120,8:02:45,Wed
"(34.13, -118.25) (34.1, -118.24)",3,7:11:35,Thu
"(34.14, -117.91) (34.11, -117.77)",128,7:20:12,Wed
"(34.14, -118.01) (34.15, -118.04)",78,7:42:37,Wed
"(34.14, -118.02) (34.12, -118.03)",14,8:41:39,Fri
"(34.14, -118.02) (34.13, -118.04)",36,9:00:21,Wed
"(34.14, -118.02) (34.15, -118.03)",156,9:25:32,Fri
"(34.14, -118.02) (34.15, -118.04)",7,7:49:06,Fri
"(34.14, -118.08) (33.98, -118.09)",52,7:51:52,Fri
"(34.14, -118.08) (34.04, -118.22)",1,9:16:24,Mon
"(34.14, -118.15) (34.05, -117.77)",1,7:30:31,Sat
"(34.14, -118.21) (34.09, -118.47)",1,9:13:40,Sat
"(34.14, -118.6) (34.17, -118.51)",4,7:46:00,Fri
"(34.14, -118.66) (34.17, -118.51)",5,7:30:00,Mon
"(34.14, -118.76) (34.17, -118.51)",162,8:42:17,Thu
"(34.15, -117.84) (34.1, -117.9)",50,8:05:00,Thu
"(34.15, -118.1) (34.12, -117.75)",87,7:41:32,Thu
"(34.16, -117.99) (34.09, -118.13)",176,7:28:33,Tue
"(34.16, -118.14) (34.03, -118.27)",1,9:18:01,Thu
"(34.16, -118.15) (34.18, -118.41)",89,7:41:46,Mon
"(34.16, -118.15) (34.2, -118.42)",89,7:50:00,Mon
"(34.16, -118.38) (34.14, -118.39)",1,7:45:40,Fri
"(34.16, -118.63) (34.17, -118.51)",121,7:38:11,Tue
"(34.16, -118.77) (34.17, -118.51)",1,8:47:55,Thu
"(34.17, -118.02) (34.12, -118.08)",1,7:42:51,Mon
"(34.17, -118.1) (34.07, -117.78)",15,7:29:34,Thu
"(34.17, -118.1) (34.12, -118.24)",54,7:40:00,Thu
"(34.17, -118.11) (34.14, -117.95)",150,7:45:31,Mon
"(34.17, -118.14) (34.04, -118.05)",54,7:15:00,Tue
"(34.17, -118.16) (34.14, -118.08)",13,8:00:00,Thu
"(34.17, -118.3) (34.1, -118.1)",5,7:45:00,Fri
"(34.17, -118.33) (34.23, -118.46)",146,7:23:58,Wed
"(34.17, -118.39) (34.12, -118.25)",2,8:54:07,Sat
"(34.17, -118.41) (33.9, -118.16)",1,8:20:00,Mon
"(34.17, -118.52) (34.14, -118.63)",27,7:49:09,Thu
"(34.17, -118.6) (34.17, -118.51)",12,7:45:00,Tue
"(34.17, -118.63) (34.17, -118.61)",1,8:55:56,Wed
"(34.17, -118.63) (34.25, -118.52)",51,7:51:45,Wed
"(34.17, -119.17) (34.21, -119.08)",38,8:36:39,Wed
"(34.18, -118.15) (34.1, -117.91)",174,7:36:13,Tue
"(34.18, -118.32) (34.44, -118.52)",47,7:08:35,Mon
"(34.18, -118.32) (34.44, -118.54)",46,7:30:00,Mon
"(34.18, -118.37) (34.09, -118.29)",14,8:49:32,Wed
"(34.18, -118.38) (34.17, -118.39)",3,7:37:39,Fri
"(34.18, -118.39) (34.16, -118.39)",20,7:45:00,Tue
"(34.18, -118.39) (34.22, -118.44)",123,7:29:12,Fri
"(34.18, -118.39) (34.25, -118.43)",32,7:40:00,Thu
"(34.18, -118.6) (33.82, -117.93)",3,8:55:09,Fri
"(34.18, -118.62) (34.17, -118.51)",33,7:47:08,Wed
"(34.18, -118.64) (34.19, -118.93)",3,9:10:00,Wed
"(34.19, -118.17) (34.02, -118.26)",1,9:00:00,Tue
"(34.19, -118.17) (34.02, -118.49)",1,9:11:29,Sat
"(34.19, -118.17) (34.05, -117.95)",1,9:06:21,Thu
"(34.19, -118.17) (34.06, -117.78)",1,9:00:31,Sun
"(34.19, -118.17) (34.06, -118.1)",71,7:45:00,Tue
"(34.19, -118.17) (34.08, -118.09)",8,7:20:00,Tue
"(34.19, -118.17) (34.12, -117.75)",10,7:52:31,Fri
"(34.19, -118.17) (34.15, -118.09)",3,9:15:00,Wed
"(34.19, -118.17) (34.61, -118.12)",1,9:02:38,Wed
"(34.19, -118.17) (34.69, -118.16)",2,9:02:35,Sun
"(34.19, -118.43) (34.18, -118.38)",16,7:42:34,Wed
"(34.19, -118.47) (33.94, -118.14)",1,7:32:51,Mon
"(34.19, -118.48) (33.94, -118.14)",32,7:42:09,Tue
"(34.19, -118.48) (34.14, -118.12)",11,8:15:08,Fri
"(34.19, -118.48) (34.17, -118.13)",1,8:25:44,Sun
"(34.19, -118.48) (34.18, -118.16)",60,8:40:57,Fri
"(34.19, -118.48) (34.18, -118.3)",1,9:23:22,Sat
"(34.19, -118.48) (34.28, -118.47)",1,8:27:29,Tue
"(34.19, -118.48) (34.59, -118.12)",26,7:15:00,Wed
"(34.19, -118.55) (34.15, -118.09)",5,9:30:00,Fri
"(34.19, -118.61) (34.06, -117.91)",47,7:26:59,Wed
"(34.2, -118.16) (33.89, -118.36)",5,7:30:00,Thu
"(34.2, -118.17) (33.96, -118.26)",2,9:04:39,Sat
"(34.2, -118.17) (34.02, -118.26)",34,8:28:38,Fri
"(34.2, -118.17) (34.06, -117.74)",162,7:40:47,Tue
"(34.2, -118.17) (34.06, -118.25)",67,8:16:34,Thu
"(34.2, -118.17) (34.15, -118.33)",1,8:34:40,Sat
"(34.2, -118.17) (34.18, -118.15)",1,7:52:49,Sun
"(34.2, -118.47) (34.14, -118.14)",33,8:11:50,Wed
"(34.2, -118.52) (34.31, -118.44)",83,7:29:54,Wed
"(34.2, -118.55) (33.73, -118.32)",1,7:50:35,Thu
"(34.2, -118.55) (33.92, -118.13)",1,9:19:08,Thu
"(34.2, -118.55) (34, -118.33)",83,8:54:59,Tue
"(34.2, -118.55) (34.15, -118.09)",1,9:30:00,Thu
"(34.2, -118.55) (34.15, -118.11)",1,8:33:48,Sat
"(34.2, -118.55) (34.17, -118.39)",32,7:21:22,Mon
"(34.2, -118.55) (34.22, -118.4)",101,7:37:00,Wed
"(34.2, -118.55) (34.22, -118.53)",69,7:32:41,Thu
"(34.2, -118.55) (34.24, -118.48)",14,7:53:06,Wed
"(34.2, -118.55) (34.25, -118.59)",49,7:16:25,Thu
"(34.2, -118.55) (34.29, -118.5)",9,7:40:00,Fri
"(34.2, -118.55) (34.31, -118.44)",13,7:40:00,Mon
"(34.2, -118.58) (33.94, -118.28)",6,7:25:00,Fri
"(34.2, -118.58) (33.95, -118.26)",6,7:45:00,Fri
"(34.2, -118.58) (34.22, -118.4)",4,7:54:44,Tue
"(34.2, -118.58) (34.28, -118.41)",22,8:20:00,Fri
"(34.2, -118.58) (34.31, -118.44)",27,7:40:00,Tue
"(34.2, -118.58) (34.31, -118.45)",23,7:45:00,Thu
"(34.2, -118.58) (34.69, -118.19)",12,7:21:59,Wed
"(34.2, -118.63) (34.18, -118.42)",57,7:45:00,Thu
"(34.21, -118.13) (34.18, -118.42)",15,7:50:00,Tue
"(34.21, -118.36) (33.9, -118.35)",3,7:59:40,Wed
"(34.21, -118.36) (33.91, -118.35)",7,8:00:18,Wed
"(34.21, -118.39) (34.19, -118.53)",131,7:32:56,Tue
"(34.21, -118.39) (34.22, -118.45)",75,7:25:00,Tue
"(34.21, -118.4) (34.16, -118.43)",150,7:43:30,Wed
"(34.21, -118.4) (34.28, -118.44)",153,7:41:25,Wed
"(34.21, -118.45) (34.19, -118.31)",172,7:45:56,Tue
"(34.21, -118.46) (34.06, -118.26)",18,7:50:00,Mon
"(34.21, -118.47) (33.83, -118.1)",5,8:35:00,Thu
"(34.21, -118.47) (34.1, -118.31)",6,8:00:00,Fri
"(34.21, -118.51) (34.44, -118.52)",6,6:40:00,Wed
"(34.21, -118.51) (34.44, -118.54)",7,6:40:00,Wed
"(34.21, -118.52) (34.02, -118.28)",7,7:30:00,Mon
"(34.21, -118.52) (34.08, -118)",1,7:17:34,Tue
"(34.21, -118.52) (34.19, -118.53)",108,7:48:29,Thu
"(34.21, -118.52) (34.28, -118.42)",112,7:33:10,Thu
"(34.21, -118.58) (34.23, -118.5)",7,7:35:00,Thu
"(34.21, -118.63) (34.05, -118.56)",2,9:20:18,Tue
"(34.21, -118.63) (34.05, -118.57)",1,9:27:51,Thu
"(34.21, -118.63) (34.09, -118.47)",2,9:15:20,Wed
"(34.21, -118.87) (34.69, -118.15)",1,8:50:56,Thu
"(34.22, -118.37) (33.82, -118.12)",25,8:45:52,Thu
"(34.22, -118.37) (34.04, -118.14)",1,7:43:30,Wed
"(34.22, -118.37) (34.09, -118.09)",24,8:20:02,Fri
"(34.22, -118.37) (34.12, -118.18)",23,8:01:12,Mon
"(34.22, -118.4) (33.94, -118.3)",6,7:37:26,Wed
"(34.22, -118.4) (34.03, -118.2)",3,7:41:12,Mon
"(34.22, -118.4) (34.05, -118.36)",3,8:00:00,Wed
"(34.22, -118.4) (34.18, -118.42)",1,7:42:37,Sat
"(34.22, -118.4) (34.18, -118.47)",1,9:20:14,Fri
"(34.22, -118.4) (34.19, -118.35)",8,8:43:15,Sat
"(34.22, -118.4) (34.29, -118.44)",1,8:44:03,Sat
"(34.22, -118.43) (34.15, -118.39)",18,7:35:00,Wed
"(34.22, -118.46) (34.24, -118.51)",35,7:35:00,Mon
"(34.22, -118.46) (34.28, -118.41)",9,8:20:00,Tue
"(34.22, -118.46) (34.31, -118.45)",9,7:45:00,Fri
"(34.22, -118.54) (34.15, -118.39)",2,7:32:10,Thu
"(34.22, -118.54) (34.16, -118.39)",1,7:37:49,Tue
"(34.22, -119.2) (34.28, -119.22)",21,7:47:29,Wed
"(34.23, -118.45) (34.09, -118.33)",1,7:50:00,Wed
"(34.23, -118.45) (34.19, -118.5)",47,6:49:59,Wed
"(34.23, -118.45) (34.19, -118.51)",2,7:33:37,Wed
"(34.23, -118.46) (34.09, -118.39)",1,9:30:00,Sun
"(34.23, -118.46) (34.22, -118.45)",74,7:18:52,Wed
"(34.23, -118.49) (33.96, -118.27)",145,7:47:02,Thu
"(34.23, -119.19) (34.16, -119.15)",7,8:05:13,Fri
"(34.24, -117.29) (33.9, -117.32)",2,8:51:56,Tue
"(34.24, -118.25) (34.14, -118.21)",169,7:50:39,Tue
"(34.24, -118.27) (34.12, -118.18)",88,7:45:52,Tue
"(34.24, -118.39) (34.16, -118.43)",3,7:57:50,Thu
"(34.24, -118.45) (34.05, -118.26)",10,9:27:27,Sun
"(34.24, -118.45) (34.32, -118.45)",175,7:16:27,Tue
"(34.24, -118.47) (34.09, -118.33)",1,7:47:19,Wed
"(34.25, -118.29) (34.16, -118.43)",3,8:14:25,Fri
"(34.25, -118.29) (34.24, -118.39)",155,7:51:02,Fri
"(34.25, -118.41) (34.05, -118.27)",1,8:55:43,Sat
"(34.25, -118.45) (34.29, -118.5)",50,7:50:00,Thu
"(34.25, -118.48) (34.2, -118.57)",15,7:27:33,Thu
"(34.25, -118.48) (34.22, -118.45)",171,7:53:54,Fri
"(34.25, -118.49) (34.22, -118.55)",48,6:50:00,Wed
"(34.25, -118.54) (34.18, -118.42)",4,7:32:50,Fri
"(34.25, -118.74) (34.24, -118.42)",51,7:45:00,Thu
"(34.26, -118.43) (34.16, -118.34)",10,8:00:59,Thu
"(34.26, -118.43) (34.24, -118.47)",59,7:15:00,Tue
"(34.26, -118.46) (34.15, -118.23)",18,7:55:00,Thu
"(34.26, -118.46) (34.2, -118.48)",12,7:11:24,Wed
"(34.26, -118.46) (34.38, -118.51)",23,7:55:00,Tue
"(34.26, -118.48) (34.16, -118.82)",28,6:30:00,Wed
"(34.26, -118.6) (34.19, -118.93)",71,8:50:00,Fri
"(34.26, -118.78) (34.19, -118.53)",2,7:35:46,Thu
"(34.27, -118.4) (34.26, -118.3)",3,7:45:00,Wed
"(34.27, -118.41) (34.04, -118.21)",23,7:36:26,Thu
"(34.27, -118.41) (34.17, -118.57)",58,7:21:11,Wed
"(34.27, -118.41) (34.4, -118.49)",7,8:40:54,Fri
"(34.27, -118.41) (34.41, -118.48)",18,8:30:00,Wed
"(34.27, -118.48) (34.44, -118.52)",2,7:40:00,Tue
"(34.28, -118.39) (34.27, -118.39)",2,8:39:25,Tue
"(34.28, -118.39) (34.29, -118.42)",17,7:49:43,Thu
"(34.28, -118.39) (34.4, -118.49)",165,7:22:46,Thu
"(34.28, -118.4) (34.05, -118.25)",2,9:07:11,Thu
"(34.28, -118.4) (34.15, -118.45)",10,9:27:47,Fri
"(34.28, -118.4) (34.19, -118.47)",3,7:50:00,Wed
"(34.28, -118.4) (34.19, -118.49)",1,7:50:00,Mon
"(34.28, -118.4) (34.19, -118.5)",60,8:00:41,Thu
"(34.28, -118.41) (34.4, -118.57)",2,9:20:28,Wed
"(34.28, -118.47) (33.9, -118.17)",42,7:48:00,Thu
"(34.28, -118.7) (34.21, -118.87)",15,7:45:00,Tue
"(34.29, -118.42) (34.09, -118.3)",6,7:31:25,Mon
"(34.29, -118.42) (34.2, -118.54)",1,7:52:00,Tue
"(34.29, -118.44) (34.19, -118.53)",8,7:40:00,Fri
"(34.29, -118.45) (34.4, -118.49)",41,6:45:00,Thu
"(34.29, -118.54) (34.3, -118.56)",23,8:46:12,Tue
"(34.29, -119.15) (34.28, -118.88)",1,8:20:32,Fri
"(34.3, -118.42) (34.06, -118.41)",18,7:40:49,Wed
"(34.3, -118.42) (34.07, -118.38)",1,9:15:00,Wed
"(34.3, -118.45) (33.94, -118.23)",89,7:17:27,Thu
"(34.3, -118.45) (34.09, -118.3)",9,7:31:55,Fri
"(34.3, -118.56) (33.9, -118.11)",1,8:49:50,Sat
"(34.3, -118.56) (34.1, -117.91)",1,8:50:21,Sat
"(34.3, -118.56) (34.28, -118.47)",1,9:04:42,Fri
"(34.3, -118.56) (34.29, -118.54)",32,8:35:17,Thu
"(34.3, -119.15) (34.28, -118.88)",24,8:34:09,Wed
"(34.3, -119.16) (34.2, -119.21)",24,8:07:32,Tue
"(34.31, -118.43) (34.28, -118.39)",14,7:45:00,Thu
"(34.32, -118.41) (34.38, -118.53)",72,8:00:00,Tue
"(34.32, -118.45) (34.26, -118.53)",162,7:03:37,Fri
"(34.32, -118.46) (34.38, -118.51)",13,7:45:00,Tue
"(34.32, -118.46) (34.4, -118.49)",6,7:45:00,Wed
"(34.37, -118.51) (34.4, -118.46)",1,9:10:08,Sat
"(34.37, -118.51) (34.43, -118.43)",1,9:00:10,Thu
"(34.37, -118.55) (34.02, -118.29)",3,8:42:48,Fri
"(34.39, -118.54) (34.22, -118.46)",26,7:52:08,Tue
"(34.4, -118.52) (34.29, -118.43)",5,8:15:35,Thu
"(34.41, -118.44) (34.22, -118.4)",6,7:47:55,Wed
"(34.42, -118.45) (34.4, -118.6)",7,8:10:00,Mon
"(34.42, -118.45) (34.43, -118.43)",1,7:18:42,Tue
"(34.42, -118.45) (34.58, -118.07)",6,7:29:29,Thu
"(34.43, -117.44) (34.05, -117.91)",18,7:50:00,Tue
"(34.43, -118.4) (34.38, -118.51)",64,7:28:46,Mon
"(34.44, -118.53) (34.22, -118.53)",1,7:50:00,Fri
"(34.44, -118.53) (34.39, -118.54)",2,7:50:00,Tue
"(34.45, -118.57) (34.14, -118.63)",76,8:11:04,Fri
"(34.45, -118.57) (34.15, -118.75)",4,7:45:00,Thu
"(34.46, -118.55) (34.38, -118.51)",126,7:52:12,Tue
"(34.47, -117.29) (34.54, -117.29)",1,8:44:54,Fri
"(34.48, -117.35) (34.1, -117.73)",22,7:30:00,Fri
"(34.49, -117.21) (34.53, -117.44)",65,7:31:19,Fri
"(34.49, -117.41) (34.59, -118.18)",31,7:05:00,Mon
"(34.5, -117.39) (34.18, -117.31)",11,7:05:00,Thu
"(34.51, -117.9) (34.6, -118.17)",90,7:03:24,Wed
"(34.51, -117.91) (34.55, -118.04)",1,7:10:17,Fri
"(34.54, -117.96) (34.55, -118.04)",115,7:08:00,Thu
"(34.54, -117.96) (34.7, -118.13)",21,6:57:00,Tue
"(34.55, -117.94) (34.58, -118.07)",144,7:28:08,Mon
"(34.55, -117.95) (34.57, -118.07)",26,7:00:00,Wed
"(34.55, -117.96) (34.57, -118.09)",105,6:43:31,Wed
"(34.55, -117.97) (34.72, -118.01)",78,8:51:18,Wed
"(34.55, -118.03) (34.68, -118.14)",1,7:35:00,Wed
"(34.55, -118.04) (34.22, -118.55)",4,7:30:00,Mon
"(34.55, -118.05) (34.62, -118.22)",8,7:30:00,Mon
"(34.55, -118.05) (34.67, -118.19)",4,7:17:26,Wed
"(34.55, -118.06) (34.44, -118.52)",6,6:56:49,Thu
"(34.55, -118.06) (34.44, -118.54)",3,6:58:09,Tue
"(34.55, -118.06) (34.59, -118.18)",76,7:21:56,Thu
"(34.55, -118.08) (34.23, -118.45)",1,7:44:43,Sat
"(34.55, -118.08) (34.69, -118.19)",14,7:07:39,Thu
"(34.56, -117.96) (34.57, -118.09)",6,6:42:09,Wed
"(34.56, -118.01) (34.66, -118.17)",1,7:59:27,Wed
"(34.56, -118.02) (34.38, -118.57)",2,8:52:21,Thu
"(34.56, -118.03) (34.69, -118.18)",34,8:00:00,Fri
"(34.56, -118.03) (34.7, -118.15)",14,8:15:00,Wed
"(34.56, -118.06) (34.4, -118.6)",22,9:00:00,Wed
"(34.56, -118.08) (34.71, -118.16)",31,8:15:00,Thu
"(34.56, -118.09) (34.29, -118.45)",1,8:59:38,Sat
"(34.56, -118.09) (34.57, -118.12)",4,7:51:06,Wed
"(34.56, -118.09) (34.68, -118.07)",92,7:30:24,Tue
"(34.56, -118.09) (34.71, -118.12)",68,7:54:17,Tue
"(34.56, -118.1) (34.69, -118.18)",21,7:35:33,Tue
"(34.56, -118.17) (34.6, -118.17)",112,7:03:56,Thu
"(34.56, -118.17) (34.68, -118.24)",32,7:30:00,Fri
"(34.57, -118.03) (34.11, -118.12)",33,7:44:27,Tue
"(34.57, -118.03) (34.68, -118.21)",109,7:45:07,Wed
"(34.57, -118.04) (34.56, -118.02)",75,7:07:24,Wed
"(34.57, -118.04) (34.59, -118.18)",6,7:16:51,Thu
"(34.57, -118.04) (34.68, -118.07)",139,7:35:11,Mon
"(34.57, -118.05) (34.7, -118.13)",65,6:53:21,Tue
"(34.57, -118.07) (34.55, -117.95)",1,7:17:19,Mon
"(34.57, -118.07) (34.68, -118.07)",128,6:39:55,Fri
"(34.58, -118.02) (34.29, -118.51)",46,7:33:51,Mon
"(34.58, -118.08) (34.62, -117.81)",90,7:50:48,Thu
"(34.58, -118.1) (34.59, -118.18)",1,7:09:20,Mon
"(34.58, -118.15) (34.55, -118.08)",44,7:59:23,Thu
"(34.59, -118.09) (34.57, -118.09)",3,7:22:16,Mon
"(34.59, -118.09) (34.7, -118.13)",2,7:15:00,Thu
"(34.59, -118.13) (34.52, -117.98)",1,8:32:57,Wed
"(34.59, -118.13) (34.62, -118.21)",84,7:36:11,Fri
"(34.59, -118.13) (34.68, -118.07)",142,7:33:42,Wed
"(34.59, -118.13) (34.7, -118.08)",1,7:49:12,Wed
"(34.59, -118.18) (34.68, -118.21)",3,9:27:31,Wed
"(34.6, -118.16) (34.59, -118.18)",24,7:23:47,Fri
"(34.6, -118.16) (34.69, -118.19)",149,7:15:00,Thu
"(34.6, -118.18) (34.68, -118.07)",3,7:30:00,Thu
"(34.61, -118.19) (34.55, -118.08)",9,7:00:00,Mon
"(34.63, -118.15) (34.66, -118.24)",15,7:15:00,Wed
"(34.66, -117.83) (34.44, -118.52)",7,7:29:47,Wed
"(34.66, -117.83) (34.44, -118.54)",8,8:08:36,Wed
"(34.66, -117.83) (34.56, -118.01)",1,6:55:50,Wed
"(34.66, -118.17) (34.56, -118.01)",12,7:20:11,Tue
"(34.66, -118.19) (34.7, -118.15)",12,8:15:00,Thu
"(34.67, -118.11) (34.59, -118.09)",4,7:25:55,Fri
"(34.67, -118.16) (34.31, -118.44)",9,7:45:13,Fri
"(34.67, -118.16) (34.56, -118.04)",101,7:27:28,Fri
"(34.67, -118.17) (34.1, -118.12)",4,7:51:09,Wed
"(34.67, -118.17) (34.66, -118.24)",4,6:55:39,Thu
"(34.67, -118.24) (34.57, -118.09)",107,7:15:36,Mon
"(34.67, -118.24) (34.59, -118.18)",65,7:00:00,Wed
"(34.68, -118.08) (34.57, -118.09)",49,7:18:22,Fri
"(34.68, -118.08) (34.58, -118.07)",11,7:25:00,Thu
"(34.68, -118.08) (34.64, -117.83)",7,7:20:00,Mon
"(34.68, -118.09) (34.22, -118.45)",20,7:50:00,Wed
"(34.68, -118.09) (34.67, -118.13)",163,8:17:49,Tue
"(34.68, -118.1) (34.56, -118.01)",75,7:17:06,Wed
"(34.68, -118.1) (34.57, -118.09)",81,6:57:00,Thu
"(34.68, -118.1) (34.57, -118.11)",72,7:51:23,Tue
"(34.68, -118.1) (34.59, -118.12)",49,7:18:11,Thu
"(34.68, -118.1) (34.67, -118.13)",6,7:52:01,Fri
"(34.68, -118.1) (34.7, -118.13)",40,7:00:43,Wed
"(34.68, -118.1) (34.7, -118.15)",36,7:54:38,Wed
"(34.68, -118.11) (34.56, -118.01)",19,7:24:14,Tue
"(34.68, -118.11) (34.57, -118.07)",1,7:03:50,Mon
"(34.68, -118.11) (34.57, -118.08)",42,7:59:38,Fri
"(34.68, -118.11) (34.57, -118.09)",4,7:01:12,Wed
"(34.68, -118.12) (34.57, -118.09)",124,7:04:38,Thu
"(34.68, -118.12) (34.62, -118.22)",15,7:30:00,Tue
"(34.68, -118.12) (34.65, -118.19)",58,7:09:39,Tue
"(34.68, -118.12) (34.66, -118.24)",6,6:59:46,Tue
"(34.68, -118.13) (34.66, -118.24)",21,6:58:04,Tue
"(34.68, -118.13) (34.68, -118.07)",99,7:28:30,Thu
"(34.68, -118.13) (34.7, -118.07)",126,8:26:13,Wed
"(34.68, -118.13) (34.72, -118.29)",7,6:59:19,Tue
"(34.68, -118.14) (34.67, -118.12)",8,7:16:38,Wed
"(34.68, -118.14) (34.68, -118.07)",5,7:22:57,Wed
"(34.68, -118.15) (34.68, -118.1)",45,8:05:00,Wed
"(34.68, -118.16) (34.27, -118.45)",55,7:50:55,Fri
"(34.68, -118.17) (34.68, -118.07)",40,7:30:00,Mon
"(34.68, -118.19) (34.62, -118.22)",16,7:30:00,Mon
"(34.68, -118.21) (34.59, -118.18)",41,7:15:00,Tue
"(34.68, -118.21) (34.69, -118.06)",32,7:45:00,Fri
"(34.68, -118.21) (34.69, -118.12)",39,7:40:00,Tue
"(34.68, -118.21) (34.69, -118.18)",13,7:50:00,Mon
"(34.68, -118.21) (34.69, -118.19)",30,7:05:00,Thu
"(34.68, -118.24) (34.56, -118.01)",42,7:19:43,Thu
"(34.69, -118.07) (34.57, -118.11)",86,7:43:52,Tue
"(34.69, -118.08) (34.58, -118.13)",6,8:05:23,Fri
"(34.69, -118.09) (34.59, -118.18)",17,7:00:00,Fri
"(34.69, -118.09) (34.72, -118.29)",4,7:08:33,Thu
"(34.69, -118.1) (34.71, -118.16)",12,8:02:17,Wed
"(34.69, -118.11) (34.58, -118.13)",5,8:03:27,Wed
"(34.69, -118.11) (34.6, -118.17)",88,6:40:17,Fri
"(34.69, -118.12) (34.38, -118.58)",54,7:38:28,Thu
"(34.69, -118.12) (34.4, -118.6)",14,7:37:13,Fri
"(34.69, -118.12) (34.57, -118.07)",2,7:06:07,Fri
"(34.69, -118.12) (34.58, -118.07)",62,7:24:31,Wed
"(34.69, -118.12) (34.68, -118.21)",150,7:44:22,Mon
"(34.69, -118.13) (34.02, -118.18)",1,7:20:57,Wed
"(34.69, -118.15) (34.69, -118.19)",35,7:12:16,Tue
"(34.69, -118.15) (34.7, -118.13)",18,7:15:00,Mon
"(34.69, -118.16) (34.58, -118.07)",16,7:35:00,Wed
"(34.69, -118.17) (34.18, -118.57)",17,7:45:00,Tue
"(34.69, -118.22) (34.7, -118.15)",15,8:18:00,Wed
"(34.69, -118.23) (34.7, -118.15)",18,8:15:52,Tue
"(34.69, -118.24) (34.69, -118.19)",51,7:15:00,Wed
"(34.7, -118.11) (34.58, -118.07)",35,7:50:38,Thu
"(34.7, -118.11) (34.59, -118.15)",98,8:01:51,Fri
"(34.7, -118.12) (34.56, -118.01)",19,7:00:00,Fri
"(34.7, -118.12) (34.56, -118.02)",13,7:00:00,Fri
"(34.7, -118.12) (34.59, -118.15)",47,7:51:51,Wed
"(34.7, -118.12) (34.69, -118.18)",8,7:45:00,Wed
"(34.7, -118.15) (34.7, -118.15)",20,8:17:31,Fri
"(34.7, -118.19) (34.68, -118.13)",99,7:47:58,Mon
"(34.71, -118.09) (34.55, -118.08)",48,7:11:00,Tue
"(34.71, -118.09) (34.7, -118.1)",6,8:02:33,Tue
"(34.71, -118.1) (34.66, -118.22)",41,7:05:00,Fri
"(34.71, -118.1) (34.69, -118.14)",66,7:55:00,Tue
"(34.71, -118.1) (34.69, -118.19)",63,7:12:00,Thu
"(34.71, -118.15) (34.58, -118.07)",120,7:50:24,Thu
"(34.71, -118.16) (34.06, -118.45)",1,7:32:08,Sat
"(34.71, -118.16) (34.14, -118.12)",1,7:54:43,Sat
"(34.71, -118.16) (34.28, -118.38)",1,8:56:36,Thu
"(34.74, -118.45) (34.68, -118.19)",10,7:20:00,Mon
"(34.75, -118.3) (34.7, -118.15)",64,8:08:57,Mon
"(34.78, -118.53) (34.59, -118.15)",9,7:55:00,Wed
"(34.79, -118.54) (34.69, -118.19)",1,7:26:04,Mon
"(34.85, -118.19) (34.7, -118.15)",12,8:15:00,Tue
"(34.87, -118.16) (34.55, -118.04)",11,6:56:45,Thu
"(35.03, -118.19) (34.69, -118.12)",14,8:10:00,Tue
,0,#N/A,#N/A